Num_Acc,jour,mois,an,hrmn,lum,dep,com,agg,int,atm,col,adr,lat,long,catr,voie,v1,v2,circ,nbv,vosp,prof,pr,pr1,plan,lartpc,larrout,surf,infra,situ,vma
202300011078,14,8,2023,23:20,5,033,33522,2,2,1,3,Avenue de la Vieille Tour,44.81477,-0.60058,4,Ave de la vieille tour,0,,2,2,2,1, -1, -1,1,, -1,1,5,1,50
202300011078,14,8,2023,23:20,5,033,33522,2,2,1,3,Avenue de la Vieille Tour,44.81477,-0.60058,4,RUE LAVOISIER,0,,2,2,2,1, -1, -1,1,, -1,1,5,1,30
202300011181,20,9,2023,10:40,1,033,33314,2,2,1,1,Rue Jeanne d'Arc,45.202255,-0.748315,4,,-1,,1,1,0,1, -1, -1,1,, -1,1,0,1,50
202300011181,20,9,2023,10:40,1,033,33314,2,2,1,1,Rue Jeanne d'Arc,45.202255,-0.748315,4,,-1,,2,2,0,1, -1, -1,1,, -1,1,0,1,50
202300011243,20,9,2023,18:00,1,033,33234,1,1,1,4,D113,44.78657531,-0.50656333,3,113,-1,,2,2,0,1,29,0,1,,7,1,0,1,80
202300011256,19,3,2023,21:37,3,033,33196,1,1,1,2,D128    PK 31+300,44.800212,-0.210344,3,128,0,D,2,2,0,1,30,780,1,,5,1,0,1,80
202300011262,19,3,2023,03:20,3,033,33162,1,1,2,2,ROCADE A 630,44.8676,-0.648,1,ROCADE A 630,0,,3,6,0,1,12,670,1,,10,2,0,1,90
202300011369,18,9,2023,17:50,1,033,33249,2,1,7,6,Rue des GraviÃ¨res,44.87178,-0.51806,4,RUE DES GRAVIERES,0,,1,1,1,1, -1, -1,1,, -1,1,0,1,30
202300011404,20,10,2023,10:35,1,033,33535,2,1,3,6,Avenue des Bons Enfants,44.841751,-0.44765,3,115,0,D,2,2,0,1,54,500,1,,4,2,0,1,70
202300011411,20,10,2023,11:55,1,033,33449,2,6,3,6,Avenue Anatole France,44.893804,-0.74721,4,,-1,,2,2,0,1, -1, -1,2,, -1,2,5,1,50
202300011411,20,10,2023,11:55,1,033,33449,2,6,3,6,Avenue Anatole France,44.893804,-0.74721,4,,-1,,2,2,-1,1, -1, -1,1,, -1,2,5,1,50
202300011418,20,10,2023,00:55,3,033,33013,1,1,2,6,ROUTE NATIONALE 89,44.86862814,-0.49783677,2,ROUTE NATIONALE 89,0,,3,4,0,1,49,583,1,,10,2,0,1,90
202300011419,18,10,2023,17:51,1,033,33192,1,1,1,3,ROCADE A 630,44.78946,-0.61969,1,ROCADE A 630,0,,3,6,0,1,25,354,1,,14,1,0,1,90
202300011481,7,2,2023,16:55,1,033,33366,1,1,1,1,D10e1,45.008952,-0.420189,3,D10e1,0,,2,2,0,2,0,50,2,, -1,1,0,1,80
202300011650,19,10,2023,19:35,5,033,33063,2,2,2,3,Rue Lucien Faure,44.86593,-0.5611,4,RACCORDEMENT (CRS DU),0,,2,4,0,1, -1, -1,1,, -1,2,5,1,50
202300011650,19,10,2023,19:35,5,033,33063,2,2,2,3,Rue Lucien Faure,44.86593,-0.5611,4,RUE LUCIEN FAURE,0,,3,7,0,1, -1, -1,1,, -1,2,5,1,50
202300011652,19,10,2023,17:35,2,033,33063,2,3,1,3,Boulevard du PrÃ©sident Wilson,44.83771,-0.59909,4,BD DU PRESIDENT WILSON,0,,3,4,1,1, -1, -1,1,, -1,1,0,1,50
202300011652,19,10,2023,17:35,2,033,33063,2,3,1,3,Boulevard du PrÃ©sident Wilson,44.83771,-0.59909,4,RUE HANAPPIER CAUD,0,,1,1,0,1, -1, -1,1,, -1,1,0,1,50
202300011713,4,2,2023,19:15,5,033,33063,2,1,1,2,Boulevard Alienor d'Aquitaine,44.87528,-0.56466,4,BD ALIENOR D'AQUITAINE,0,,3,4,0,1, -1, -1,1,, -1,1,0,1,70
202300011715,4,2,2023,18:00,5,033,33063,2,1,1,2,Cours Aristide Briand,44.8321,-0.57843,4,BRIAND (CRS ARISTIDE),0,,2,2,2,1, -1, -1,1,, -1,1,0,1,30
202300011716,3,2,2023,15:05,1,033,33522,2,1,1,2,Cours de la LibÃ©ration,44.80952,-0.59129,4,CRS DE LA LIBERATION,0,,2,2,2,1, -1, -1,1,, -1,1,0,1,30
202300011718,4,2,2023,03:39,5,033,33529,2,6,1,6,LECLERC (AVE DU GAL) DU 02 ET +,44.64811515,-1.15267128,3,LECLERC (AVE DU GAL) DU 02 ET +,0,,2,2,0,1,18,0,2,, -1,1,0,1,50
202300011822,30,4,2023,05:30,2,033,33417,1,1,1,6,Chemin de Cordes,45.005168,-0.900965,4,,-1,,2,2,0,1, -1, -1,1,, -1,1,0,3,80
202300011825,28,4,2023,15:00,1,033,33122,1,1,1,4,AUTOROUTE A 63,44.74832,-0.69827,1,AUTOROUTE A 63,0,,3,4,0,1,7,150,1,, -1,1,0,1,110
202300011826,27,4,2023,13:03,1,033,33550,1,1,1,3,ROCADE A 630,44.78215996,-0.58431387,1,ROCADE A 630,0,,3,3,0,1,29,107,1,,14,1,0,1,90
202300011887,26,4,2023,08:20,1,033,33281,2,1,2,6,AllÃ©e de Pagneau,44.81634,-0.69953,4,ALL DE PAGNEAU,0,,2,2,2,1, -1, -1,1,, -1,2,0,1,30
202300011888,24,4,2023,23:20,5,033,33522,2,3,2,1,Cours de la LibÃ©ration,44.7983,-0.59987,4,LIBERATION (CRS DE LA),0,,3,7,1,1, -1, -1,1,, -1,2,5,1,50
202300011888,24,4,2023,23:20,5,033,33522,2,3,2,1,Cours de la LibÃ©ration,44.7983,-0.59987,4,RUE FRANCOIS RABELAIS,0,,2,4,1,1, -1, -1,1,, -1,2,5,1,50
202300011990,4,6,2023,17:40,1,033,33553,2,1,1,6,Rue de l'Ancienne Commanderie,45.02799,-0.441722,4,,-1,,2,2,0,1, -1, -1,1,, -1,1,0,1,50
202300011994,4,6,2023,04:20,3,033,33085,1,1,1,6,41 Route de la Lande,44.768469,-0.460023,3,14,0,,2,2,0,1,4,0,3,,6,1,0,3,80
202300011997,26,5,2023,21:25,1,033,33233,1,1,1,7,la Maillerie,45.108324,-0.359675,4,1,-1,,2,2,0,1, -1, -1,1,, -1,1,0,1,80
202300012018,8,7,2023,14:40,1,033,33039,2,2,1,3,Avenue Lucien Lerousseau,44.80777,-0.55651,4,AVE LUCIEN LEROUSSEAU,0,,1,2,0,1, -1, -1,1,, -1,1,0,1,50
202300012018,8,7,2023,14:40,1,033,33039,2,2,1,3,Avenue Lucien Lerousseau,44.80777,-0.55651,4,,-1,,2, -1,0,1, -1, -1,1,, -1,1,0,1,30
202300012057,21,11,2023,19:55,3,033,33527,1,1,1,2,A660 PK017+800,44.61398486,-1.04812682,1,A660,0,,3,4,0,1,17,800,1,,10,1,0,2,130
202300012068,17,11,2023,08:05,2,033,33535,1,1,1,5,Avenue de Branne,44.826348,-0.454573,3,936,0,D,2,2,0,1,9,350,1,,7,1,0,1,70
202300012139,28,12,2023,12:50,1,033,33281,2,2,1,6,Rue Raoul Amat,44.8442,-0.64491,4,AVE DE LA LIBERATION,0,,2,2,1,1, -1, -1,1,, -1,2,5,8,50
202300012139,28,12,2023,12:50,1,033,33281,2,2,1,6,Rue Raoul Amat,44.8442,-0.64491,4,RUE RAOUL AMAT,0,,1,1,1,1, -1, -1,1,, -1,2,0,1,30
202300012263,3,6,2023,21:40,5,033,33039,2,2,8,3,Boulevard Jean-Jacques Bosc,44.81699,-0.54849,4,AVE ALEXIS CAPELLE,0,,2,2,0,1, -1, -1,1,, -1,2,5,1,50
202300012263,3,6,2023,21:40,5,033,33039,2,2,8,3,Boulevard Jean-Jacques Bosc,44.81699,-0.54849,4,BD JEAN-JACQUES BOSC,0,,2,4,0,1, -1, -1,1,, -1,2,5,1,50
202300012266,3,6,2023,12:15,1,033,33063,2,1,1,3,Boulevard Alfred Daney,44.86725,-0.57251,4,BD ALFRED DANEY,0,,3,4,3,1, -1, -1,1,, -1,1,0,1,50
202300012270,12,8,2023,14:10,1,033,33529,1,1,1,1,BISCAROSSE (AVE) DUNE VERS BISCA,44.5867,-1.2051,3,BISCAROSSE (AVE) DUNE VERS BISCA,0,,2,2,1,1,10,300,1,,"5,5",1,0,1,50
202300012273,3,6,2023,01:30,3,033,33318,2,1,1,1,Avenue du Haut LÃ©vÃ¨que,44.794,-0.65785,4,AVE DU HAUT LEVEQUE,0,,2,3,2,2, -1, -1,3,, -1,2,2,1,50
202300012542,15,8,2023,12:00,1,033,33527,1,1,1,2,A660,44.615144,-0.988405,1,660,-1,A,3,4,0,1,13,0,1,,10,1,0,1,130
202300012563,21,11,2023,18:10,5,033,33249,2,1,1,3,Avenue Carnot,44.86449,-0.51848,4,AVE CARNOT,0,,2,4,1,1, -1, -1,1,, -1,1,1,1,50
202300012566,20,11,2023,17:40,3,033,33249,2,1,2,6,Rue Edouard Herriot - ArrÃªt de bus,44.87014,-0.51751,4,RUE EDOUARD HERRIOT,0,,2,2,0,1, -1, -1,1,, -1,2,0,1,30
202300012609,14,8,2023,19:45,1,033,33417,1,1,1,1,D6,44.971736,-0.8797,3,6,-1,,2,2,0,1,28,670,3,,7,1,0,1,80
202300012614,15,8,2023,14:00,1,033,33128,1,1,1,6,Route de GoulÃ©e,45.33416,-0.919461,3,201,0,D,2,2,0,1,3,200,1,,4,1,0,3,80
202300012731,6,7,2023,17:45,1,033,33162,2,3,1,3,Rue du Lieutenant Villemeur,44.88335,-0.64815,4,AVE DE PICOT,0,,2,3,2,1, -1, -1,1,, -1,1,5,1,50
202300012731,6,7,2023,17:45,1,033,33162,2,3,1,3,Rue du Lieutenant Villemeur,44.88335,-0.64815,4,RUE DU LIEUTENANT VILLEMEUR,0,,2,2,0,1, -1, -1,1,, -1,1,5,1,50
202300012737,7,7,2023,02:50,5,033,33529,2,1,1,6,CUREPIPE (BD DE) DU 02 ET +,44.63709,-1.13122,3,CUREPIPE (BD DE) DU 02 ET +,0,,2,2,0,1,15,400,3,,"5,5",1,0,3,50
202300012831,12,8,2023,20:50,1,033,33522,2,2,1,3,Rue Jean Mette,44.816,-0.58983,4,RUE DES CHARMILLES,0,,2,2,0,1, -1, -1,1,, -1,1,0,1,50
202300012831,12,8,2023,20:50,1,033,33522,2,2,1,3,Rue Jean Mette,44.816,-0.58983,4,RUE JEAN METTE,0,,1,1,2,1, -1, -1,1,, -1,1,0,1,50
202300012906,27,12,2023,13:25,1,033,33249,1,1,7,2,AUTOROUTE A 10,44.88788887,-0.50517155,1,AUTOROUTE A 10,0,,3,8,0,1,542,599,1,, -1,1,0,1,90
202300012909,2,6,2023,21:10,2,033,33281,2,1,1,1,Avenue Bon Air,44.81936,-0.64922,4,AVE BON AIR,0,,2,3,1,1, -1, -1,1,, -1,1,0,1,50
202300013026,18,3,2023,17:25,1,033,33245,1,1,2,6,D115,44.801274,-0.433853,3,115,0,D,2,2,0,2,59,794,3,,5,2,0,3,80
202300013027,19,3,2023,03:00,3,033,33214,1,1,1,6,D6,45.003477,-1.154197,3,6,0,D,2,2,0,2,51,150,1,,"5,5",1,0,3,50
202300013046,18,3,2023,06:15,3,033,33175,1,1,1,6,5 Route de Rauzan,44.74179026,-0.1535967,3,231,0,,2,2,0,1,10,300,3,, -1,1,0,3,70
202300013057,18,3,2023,13:30,1,033,33249,1,1,1,5,ROCADE A 630,44.87964,-0.53601,1,ROCADE A 630,0,,3,6,0,3,2,900,1,, -1,1,2,1,70
202300013076,19,9,2023,10:34,1,033,33227,1,1,1,2,A62 PK 038.345,44.53122597,-0.23156852,1,62,-1,A,3,4,0,1,38,345,1,,10,1,0,1,130
202300013104,18,9,2023,07:35,1,033,33438,2,1,1,3,Route de Gascogne,44.568825,-0.242922,3,10,0,D,2,2,0,1,117,0,1,,7,1,0,1,70
202300013114,18,9,2023,19:39,1,033,33192,1,1,1,6,ROCADE A 630,44.78926,-0.61985,1,ROCADE A 630,0,,3,6,0,1,25,260,3,,14,2,3,1,70
202300013144,22,6,2023,19:15,1,033,33318,2,6,7,3,Avenue Marc Desbats,44.80426,-0.62547,4,AVE DE GRADIGNAN,0,,2,2,2,1, -1, -1,2,, -1,1,5,1,30
202300013144,22,6,2023,19:15,1,033,33318,2,6,7,3,Avenue Marc Desbats,44.80426,-0.62547,4,AVE MARC DESBATS,0,,2,2,2,1, -1, -1,1,, -1,1,5,1,50
202300013184,18,3,2023,01:50,5,033,33063,2,1,2,6,Rue Yves Glotin,44.89243454,-0.54691046,4,RUE YVES GLOTIN,0,,2,2,0,1, -1, -1,2,, -1,2,0,4,50
202300013185,17,3,2023,23:25,5,033,33063,2,1,2,6,Rue du Tondu,44.8292,-0.58727,4,TONDU (RUE DU),0,,1,1,0,1, -1, -1,1,, -1,2,0,4,30
202300013187,17,3,2023,08:40,1,033,33522,2,1,1,3,Chemin de Leysotte,44.80081,-0.57595,4,RUE DE LEYSOTTE,0,,2,2,0,1, -1, -1,1,, -1,1,0,1,30
202300013189,17,3,2023,03:45,3,033,33550,2,1,1,6,Avenue MarÃ©chal de Lattre de Tassigny,44.77693,-0.55346,4,AVENUE MAL DE LATTRE DE TASSIGNY,0,,2,2,0,1, -1, -1,3,, -1,1,0,3,50
202300013197,17,9,2023,02:10,5,033,33529,2,1,1,6,CHENES VERTS (AVE DES),44.63423,-1.19372,4,CHENES VERTS (AVE DES),0,,2,2,0,2, -1, -1,2,, -1,1,0,3,50
202300013269,16,9,2023,21:39,5,033,33207,2,1,1,7,29 Avenue du Lac,44.922527,-0.376899,4,,-1,,2,2,0,1, -1, -1,1,, -1,1,0,1,30
202300013270,18,9,2023,06:45,2,033,33046,1,1,1,6,N524,44.3379,-0.234597,2,524,0,N,2,2,0,1,26,400,1,,7,1,0,3,80
202300013411,12,10,2023,20:10,3,033,33026,1,1,1,1,Route du Moulias,44.490827,-0.451748,3,110,-1,,2,2,0,1,48,450,2,,"5,5",1,0,1,80
202300013453,5,2,2023,13:05,1,033,33073,1,3,1,5,RD 136E3,45.245442,-0.642539,3,136,-1,,2,2,0,1,0,0,2,, -1,1,0,1,80
202300013453,5,2,2023,13:05,1,033,33073,1,3,1,5,RD 136E3,45.245442,-0.642539,3,,-1,,2,2,-1,1, -1, -1,2,, -1,1,0,1,80
202300013537,19,10,2023,19:05,3,033,33104,1,1,3,6,D1215,44.974453,-0.823889,3,1215,-1,,2,2,0,1,22,500,1,,"5,5",2,0,1,80
202300013542,19,10,2023,09:15,1,033,33380,1,2,8,3,D23 PR 19+700,45.28064046,-0.46147272,3,23,-1,,2,2,0,1,19,700,1,,5,1,0,1,80
202300013542,19,10,2023,09:15,1,033,33380,1,2,8,3,D23 PR 19+700,45.28064046,-0.46147272,3,,-1,,2,2,0,1, -1, -1,1,, -1,1,0,1,80
202300013555,18,10,2023,07:45,4,033,33448,1,1,2,4,AUTOROUTE A 62,44.72173713,-0.5232802,1,AUTOROUTE A 62,0,,3,4,0,1,6,186,1,,10,2,0,1,130
202300013619,18,10,2023,21:07,5,033,33522,2,6,1,2,Rue Pacaris,44.79659,-0.57948,4,CHEM DE LEYSOTTE,0,,2,2,0,1, -1, -1,1,, -1,1,0,1,50
202300013619,18,10,2023,21:07,5,033,33522,2,6,1,2,Rue Pacaris,44.79659,-0.57948,4,RUE PACARIS,0,,2,2,0,1, -1, -1,1,, -1,1,0,1,50
202300013620,18,10,2023,06:43,5,033,33249,2,1,2,3,Chemin de Lissandre,44.86356005,-0.53715698,4,CHEM DE LISSANDRE,0,,2,2,1,1, -1, -1,1,, -1,2,5,1,30
202300013717,18,10,2023,20:15,5,033,33490,2,3,1,3,Cours Georges Mandel,45.430639,-1.035086,3,D1e4,-1,,2,2,0,1,18,210,1,,"5,5",1,0,1,30
202300013717,18,10,2023,20:15,5,033,33490,2,3,1,3,Cours Georges Mandel,45.430639,-1.035086,3,,-1,,2, -1,-1,1,0,0,1,, -1,1,0,1,30
202300013737,28,4,2023,19:42,1,033,33393,2,4,1,6,206 avenue de Paris,44.97352,-0.21558,3,910,-1,,2,2,0,1,14,540,1,, -1,1,0,3,50
202300013737,28,4,2023,19:42,1,033,33393,2,4,1,6,206 avenue de Paris,44.97352,-0.21558,3,,-1,,2,2,0,1, -1, -1,1,, -1,1,0,3,50
202300013742,27,4,2023,07:15,1,033,33318,1,1,1,6,ROCADE A 630,44.7882,-0.63334,1,ROCADE A 630,0,,3,6,0,1,24,200,1,, -1,1,0,1,90
202300013803,28,4,2023,10:40,1,033,33243,2,1,1,6,216 Avenue du MarÃ©chal Foch,44.926879,-0.239561,3,D910,-1,,2,2,0,1,0,600,1,, -1,1,9,1,50
202300013853,26,4,2023,19:30,1,033,33063,2,1,2,2,Rue Lucien Faure,44.86747,-0.56336,4,RUE LUCIEN FAURE,0,,4,6,0,1, -1, -1,1,, -1,2,0,1,50
202300014000,2,6,2023,21:00,2,033,33063,2,1,1,1,Rue Yves Glotin,44.89273,-0.54611,4,RUE YVES GLOTIN,0,,-1,2,0,1, -1, -1,1,, -1,1,0,1,30
202300014004,2,6,2023,07:50,1,033,33069,2,2,1,3,Avenue Victor Hugo,44.86509,-0.59057,4,AVE VICTOR HUGO,0,,2,2,0,1, -1, -1,1,, -1,1,0,1,30
202300014004,2,6,2023,07:50,1,033,33069,2,2,1,3,Avenue Victor Hugo,44.86509,-0.59057,4,RUE HOCHE,0,,2, -1,0,1, -1, -1,1,, -1,1,0,1,30
202300014006,2,6,2023,15:10,1,033,33529,2,1,1,1,RD1250 (BONNEVAL - LA HUME) - Z.A.,44.63251,-1.15987,3,RD1250 (BONNEVAL - LA HUME) - Z.A.,0,,2,2,0,1,999,100,2,, -1,1,0,1,50
202300014007,12,8,2023,06:50,2,033,33281,1,1,1,6,ROCADE A 630,44.83210308,-0.67642361,1,ROCADE A 630,0,,3,6,0,1,17,263,3,,14,1,0,1,90
202300014152,22,11,2023,08:30,1,033,33535,2,6,1,3,D936,44.839195,-0.4899,3,936,-1,,2,2,0,1,6,134,2,,7,1,0,1,-1
202300014152,22,11,2023,08:30,1,033,33535,2,6,1,3,D936,44.839195,-0.4899,3,,-1,,2,2,-1,1, -1, -1,1,, -1,1,0,1,50
202300014173,21,11,2023,00:40,4,033,33063,1,1,2,1,ROCADE A 630,44.88489799,-0.5600962,1,ROCADE A 630,0,,1,1,0,3,4,950,3,, -1,2,3,1,50
202300014260,7,7,2023,16:35,1,033,33550,1,1,1,2,ROCADE A 630,44.78161,-0.5826,1,ROCADE A 630,0,,3,8,0,1,29,300,1,, -1,1,0,1,90
202300014263,7,7,2023,16:05,1,033,33063,1,1,1,2,ROCADE A 630,44.88070806,-0.54144144,1,ROCADE A 630,0,,3,6,0,2,3,585,1,,14,1,2,1,70
202300014472,11,8,2023,18:30,1,033,33063,2,1,1,2,Quai des Chartrons,44.85246,-0.56766,4,QUAI DES CHARTRONS,0,,3,4,0,1, -1, -1,1,, -1,1,8,1,50
202300014473,11,8,2023,12:15,1,033,33529,1,1,1,3,RD 1250 (OUSTALET - BONNEVAL),44.61835,-1.12618,2,RD 1250 (OUSTALET - BONNEVAL),0,,2,2,0,1,40,900,1,, -1,1,0,1,80
202300014551,20,11,2023,23:40,3,033,33063,2,1,2,1,Bretelle de sortie A630 E4 via Cours Charles Bricaud,44.8859,-0.5612,1,BRETELLE DE SORTIE (précision),0,,1,2,0,1,5,0,3,, -1,2,3,1,50
202300014593,2,6,2023,07:27,1,033,33063,1,1,1,7,ROCADE A 630,44.8846,-0.5612,1,ROCADE A 630,0,,1,1,0,2,5,0,3,,14,1,3,1,70
202300014597,6,7,2023,09:05,1,033,33063,2,3,1,3,Boulevard Alfred Daney,44.875,-0.5542,4,BD ALFRED DANEY,0,,2,4,2,1, -1, -1,1,, -1,1,0,1,50
202300014597,6,7,2023,09:05,1,033,33063,2,3,1,3,Boulevard Alfred Daney,44.875,-0.5542,4,RUE CHARLES MARTIN,0,,2,2,0,1, -1, -1,1,, -1,1,0,1,50
202300014599,31,5,2023,07:55,1,033,33013,1,1,1,4,ROUTE NATIONALE 89,44.86644201,-0.48696846,2,ROUTE NATIONALE 89,0,,3,4,0,1,48,701,1,,10,1,0,1,90
202300014783,17,9,2023,18:15,1,033,33474,1,1,1,4,AUTOROUTE A 62,44.672009,-0.475206,1,AUTOROUTE A 62,0,,3,4,0,1,13,0,1,, -1,1,0,1,130
202300014872,27,12,2023,16:30,2,033,33317,1,1,1,7,5 Lieu Dit la Massonne,45.030715,-0.308191,4,,-1,,2,2,0,2, -1, -1,1,, -1,1,0,1,50
202300014941,16,9,2023,12:50,1,033,33075,2,1,1,3,Boulevard Jacques Chaban-Delmas,44.88303555,-0.58474034,4,AVE J. CHABAN DELMAS,0,,2,2,0,1, -1, -1,1,, -1,1,0,1,50
202300015027,25,12,2023,19:00,3,033,33529,1,1,5,2,CAZAUX (BD DE),44.5619,-1.1506,3,CAZAUX (BD DE),0,,3,4,0,1,8,670,1,, -1,1,0,1,80
202300015174,25,12,2023,16:38,1,033,33281,1,1,1,6,ROCADE A 630,44.85484813,-0.6641372,1,ROCADE A 630,0,,3,6,0,1,14,317,1,, -1,1,3,1,90
202300015177,16,9,2023,12:50,1,033,33199,2,3,1,3,AllÃ©e de Bordeaux,44.625282,-1.05531,3,260,0,D,2,2,1,1,4,50,1,,4,1,0,1,50
202300015177,16,9,2023,12:50,1,033,33199,2,3,1,3,AllÃ©e de Bordeaux,44.625282,-1.05531,3,,-1,,2,2,-1,1, -1, -1,1,, -1,1,0,1,50
202300015194,16,9,2023,21:00,3,033,33003,1,1,1,2,Avenue de la Presqu'Ile,44.945453,-0.521218,4,113,0,,2,2,0,1, -1, -1,1,, -1,1,0,1,80
202300015238,3,2,2023,18:45,5,033,33069,2,1,1,6,Rue Raymond Poincare,44.86227,-0.59554,4,RUE RAYMOND POINCARE,0,,2,2,0,1, -1, -1,2,, -1,1,0,1,30
202300015239,3,2,2023,09:45,1,033,33522,2,1,1,6,Rue Henri de Toulouse Lautrec,44.7922,-0.58598,4,RUE HENRI DE TOULOUSE LAUTREC,0,,2,1,0,1, -1, -1,4,, -1,1,0,1,30
202300015400,1,2,2023,18:30,5,033,33281,2,3,1,3,Avenue Montesquieu,44.84638122,-0.63506824,4,AVE MONTESQUIEU,0,,2,2,2,1, -1, -1,1,, -1,1,-1,1,50
202300015400,1,2,2023,18:30,5,033,33281,2,3,1,3,Avenue Montesquieu,44.84638122,-0.63506824,4,RUE DE L'EMAILLERIE,0,,2,2,2,1, -1, -1,1,, -1,1,-1,1,50
202300015401,2,2,2023,17:25,1,033,33529,1,6,1,6,CAZAUX (BD DE) DU 02 ET +,44.61694809,-1.13757312,2,CAZAUX (BD DE) DU 02 ET +,0,,2,2,0,1,41,765,3,, -1,1,0,1,50
202300015403,1,2,2023,21:05,5,033,33529,2,1,1,1,PORT (RUE DU),44.63625117,-1.14453077,4,PORT (RUE DU),0,,2,2,0,1, -1, -1,1,, -1,1,0,1,50
202300015405,1,2,2023,15:40,1,033,33529,2,6,1,3,LECLERC (AVE DU GAL),44.64837,-1.15288,3,LECLERC (AVE DU GAL) DU 01 ET +,0,,3,2,1,1,18,130,2,, -1,1,0,1,50
202300015455,18,10,2023,08:55,1,033,33249,1,1,3,7,ROUTE NATIONALE 230,44.88082209,-0.51066577,2,ROUTE NATIONALE 230,0,,3,6,0,1,43,816,1,, -1,2,0,1,90
202300015456,18,10,2023,06:13,5,033,33397,1,1,2,4,AUTOROUTE A 10,44.914017,-0.480853,1,AUTOROUTE A 10,0,,3,6,0,1,539,0,1,, -1,2,0,1,110
202300015541,16,10,2023,12:25,1,033,33063,2,1,1,2,Avenue de la RÃ©publique,44.83974,-0.60444,4,REPUBLIQUE CAUD (AVE DE LA),0,,1,2,3,1, -1, -1,1,, -1,1,0,1,50
202300015542,17,10,2023,13:20,1,033,33529,2,1,1,6,LESCA (RUE ANDRE),44.63864,-1.131423,4,LESCA (RUE ANDRE),0,,2,2,0,1, -1, -1,1,, -1,1,0,1,30
202300015708,24,4,2023,12:30,1,033,33326,1,1,1,1,D137 PR 42+100,45.315385,-0.576675,3,137,-1,,2,2,0,2,42,100,3,,7,1,0,1,80
202300015754,22,4,2023,20:20,1,033,33529,2,1,1,3,CARNOT (RUE DU PRESIDENT),44.62775341,-1.14321649,3,CARNOT (RUE DU PRESIDENT),0,,2,2,0,1,0,610,3,, -1,1,0,1,50
202300015919,11,8,2023,19:20,1,033,33490,2,1,1,6,50 Rue du GÃ©nÃ©ral de Gaulle,45.432793,-1.044288,4,,-1,,2,2,0,1, -1, -1,1,, -1,1,0,1,50
202300016013,11,8,2023,15:40,1,033,33005,2,1,1,6,2bis Allee des Cigales,44.742287,-1.090533,4,,-1,,1,1,0,1, -1, -1,1,, -1,1,0,1,50
202300016039,1,6,2023,20:50,1,033,33192,2,3,1,3,Rue d'Ornon,44.77224,-0.64036,4,CHEM D'ORNON,0,,2,2,2,1, -1, -1,1,, -1,1,0,1,50
202300016039,1,6,2023,20:50,1,033,33192,2,3,1,3,Rue d'Ornon,44.77224,-0.64036,4,RUE BERNARD PALISSY,0,,2,2,0,1, -1, -1,1,, -1,1,0,8,50
202300016041,30,7,2023,16:54,1,033,33324,2,1,1,6,55 Rue Jean Moulin,44.847031,0.239025,4,,0,,2,2,0,1, -1, -1,1,, -1,1,0,3,50
202300016044,12,8,2023,02:15,3,033,33056,1,6,1,6,Avenue du Port du Roy (Borne 7848),44.912251,-0.58035,4,,-1,,2,2,0,1, -1, -1,3,, -1,1,0,3,50
202300016044,12,8,2023,02:15,3,033,33056,1,6,1,6,Avenue du Port du Roy (Borne 7848),44.912251,-0.58035,4,,-1,,2, -1,-1,1, -1, -1,1,, -1,1,0,1,-1
202300016045,1,6,2023,12:40,1,033,33013,2,6,1,2,Avenue de l'Ile de France,44.84687,-0.49713,4,AVE DE L' ILE DE FRANCE,0,,2,2,0,1, -1, -1,1,, -1,1,0,1,50
202300016045,1,6,2023,12:40,1,033,33013,2,6,1,2,Avenue de l'Ile de France,44.84687,-0.49713,4,,-1,,2, -1,-1,1, -1, -1,1,, -1,1,0,1,50
202300016049,31,5,2023,15:25,1,033,33039,2,3,1,3,Rue des MÃ»riers,44.8139,-0.54966,4,,-1,,1,1,-1,1, -1, -1,1,, -1,1,0,1,-1
202300016049,31,5,2023,15:25,1,033,33039,2,3,1,3,Rue des MÃ»riers,44.8139,-0.54966,4,RUE DES MURIERS,0,,2,2,0,1, -1, -1,1,, -1,1,0,1,30
202300016084,9,8,2023,12:35,1,033,33122,1,1,1,4,AUTOROUTE A 63,44.75543196,-0.68755209,1,AUTOROUTE A 63,0,,3,6,0,1,6,0,1,, -1,1,3,1,90
202300016109,7,7,2023,16:40,1,033,33214,1,3,1,3,route de saumos,44.9761,-1.046737,3,5e3,0,D,2,2,0,1,8,20,1,,"5,5",1,5,1,80
202300016109,7,7,2023,16:40,1,033,33214,1,3,1,3,route de saumos,44.9761,-1.046737,3,6,0,D,2,3,0,1,41,200,1,,"5,5",1,5,1,80
202300016193,6,7,2023,18:07,1,033,33063,1,1,1,2,ROCADE A 630,44.88691113,-0.56942225,1,ROCADE A 630,0,,3,6,0,2,5,670,1,, -1,1,2,1,70
202300016234,15,3,2023,19:05,1,033,33063,2,1,1,6,Rue Albert,44.85575,-0.57942,4,RUE ALBERT,0,,2,2,0,1, -1, -1,1,, -1,1,0,3,30
202300016240,15,3,2023,12:10,1,033,33063,2,3,1,3,Rue Terrasson,44.820505,-0.573457,4,RUE BERTRAND DE GOTH,0,,1,1,2,1, -1, -1,1,, -1,1,-1,1,30