Num_Acc,jour,mois,an,hrmn,lum,dep,com,agg,int,atm,col,adr,lat,long,catr,voie,v1,v2,circ,nbv,vosp,prof,pr,pr1,plan,lartpc,larrout,surf,infra,situ,vma
202300016240,15,3,2023,12:10,1,033,33063,2,3,1,3,Rue Terrasson,44.820505,-0.573457,4,RUE TERRASSON,0,,1,1,2,1, -1, -1,1,, -1,1,-1,1,30
202300016246,14,3,2023,15:30,1,033,33200,2,6,1,2,Avenue de Magudas,44.85871,-0.67293,4,AVE DE MAGUDAS,0,,3,2,2,1, -1, -1,1,, -1,1,5,1,50
202300016246,14,3,2023,15:30,1,033,33200,2,6,1,2,Avenue de Magudas,44.85871,-0.67293,4,RUE DES SATELLITES,0,,2,2,1,1, -1, -1,1,, -1,1,0,1,50
202300016251,14,3,2023,08:50,1,033,33522,2,1,1,6,Avenue de l'UniversitÃ©,44.80184,-0.59798,4,AVE DE L'UNIVERSITE,0,,3,4,1,1, -1, -1,1,, -1,2,0,1,50
202300016256,15,3,2023,20:15,5,033,33529,2,1,1,2,DE GAULLE ( AVE CHARLES) 01 AU 85,44.63744,-1.12524,3,DE GAULLE ( AVE CHARLES) 01 AU 85,0,,2,2,1,1,14,902,1,, -1,1,0,1,30
202300016262,15,3,2023,15:15,1,033,33529,2,3,1,3,RAMOND (RUE CLEMENT),44.63086,-1.14523,4,DAUSSY (RUE PAUL),0,,2,2,0,1, -1, -1,1,, -1,1,0,1,50
202300016262,15,3,2023,15:15,1,033,33529,2,3,1,3,RAMOND (RUE CLEMENT),44.63086,-1.14523,4,RAMOND (RUE CLEMENT),0,,1,1,0,1, -1, -1,1,, -1,1,0,1,50
202300016434,5,7,2023,20:00,1,033,33063,2,2,1,3,Rue de Macau,44.85598035,-0.5886282,4,RIVIERE (RUE DE),0,,1,2,1,1, -1, -1,1,, -1,1,0,1,30
202300016434,5,7,2023,20:00,1,033,33063,2,2,1,3,Rue de Macau,44.85598035,-0.5886282,4,RUE DE MACAU,0,,1,2,0,1, -1, -1,1,, -1,1,0,1,30
202300016439,5,7,2023,02:40,3,033,33063,2,1,1,1,Rue Achard,44.86488,-0.54941,4,ACHARD (RUE ),0,,3,2,0,1, -1, -1,1,, -1,9,9,6,50
202300016443,4,7,2023,20:02,1,033,33119,2,1,1,6,Avenue Georges ClÃ©menceau,44.85074882,-0.50875336,4,AVE GEORGES CLEMENCEAU,0,,-1,2,3,1, -1, -1,1,, -1,1,6,4,30
202300016534,31,5,2023,15:30,1,033,33284,1,1,1,5,A63,44.64769534,-0.83718985,1,63,-1,A,3,2,0,1,23,0,1,,10,1,0,1,110
202300016578,1,6,2023,07:30,1,033,33165,2,1,1,3,Chemin Profond,44.82561128,-0.43184102,4,,-1,,2,2,0,2, -1, -1,1,, -1,1,0,1,50
202300016651,18,11,2023,18:10,2,033,33192,2,1,1,6,159 Cours du GÃ©nÃ©ral de Gaulle,44.77305,-0.61421,4,CRS DU GENERAL DE GAULLE,0,,2,2,0,1, -1, -1,1,, -1,1,0,1,50
202300016652,16,3,2023,13:20,1,033,33233,1,1,1,1,route dÃ©partementale 22,45.11322,-0.360988,3,22,0,D,2,2,0,1, -1, -1,1,,"5,5",1,0,1,80
202300016655,18,11,2023,07:18,5,033,33063,2,1,1,6,Cours Charles Bricaud,44.89406359,-0.56567252,4,BRICAUD (CRS CHARLES),0,,2,4,3,1, -1, -1,1,, -1,1,0,4,30
202300016784,24,12,2023,03:05,3,033,33162,1,1,1,6,ROCADE A 630,44.87075629,-0.64298432,1,ROCADE A 630,0,,3,6,0,1,12,154,1,, -1,2,0,1,90
202300016860,15,9,2023,19:10,1,033,33522,2,3,1,2,Rue Peydavant,44.80434011,-0.5867359,4,PEYDAVANT (RUE ),0,,2,2,0,1, -1, -1,1,, -1,1,0,5,50
202300016860,15,9,2023,19:10,1,033,33522,2,3,1,2,Rue Peydavant,44.80434011,-0.5867359,4,RUE DE MEGRET,0,,2,2,2,1, -1, -1,1,, -1,1,0,5,50
202300016863,15,9,2023,02:15,3,033,33281,2,1,1,6,Avenue de la LibÃ©ration,44.85468741,-0.64427599,4,AVE DE LA LIBERATION,0,,2,2,2,1, -1, -1,1,, -1,1,0,1,50
202300016895,15,3,2023,17:17,1,033,33143,1,1,1,2,AUTOROUTE A 10,44.97316776,-0.43428183,1,AUTOROUTE A 10,0,,3,6,0,1,531,130,1,, -1,1,2,1,130
202300017064,23,12,2023,19:35,3,033,33421,1,1,2,1,D670,44.80742364,-0.13535634,3,670,0,A,2,2,0,1,38,300,1,,7,2,0,1,80
202300017116,24,12,2023,08:00,1,033,33056,1,1,2,1,Avenue de Labarde -Rd 209,44.92049,-0.56258,4,209,-1,,2,2,0,1, -1, -1,1,, -1,2,0,1,80
202300017156,15,9,2023,18:47,1,033,33192,1,1,1,2,ROCADE A 630,44.789819,-0.613548,1,ROCADE A 630,0,,3,8,0,1,25,750,1,, -1,1,0,1,90
202300017157,15,9,2023,17:10,1,033,33366,1,1,1,4,AUTOROUTE A 10,44.982979,-0.428564,1,AUTOROUTE A 10,0,,3,6,0,1,530,0,1,, -1,1,0,1,130
202300017158,15,9,2023,11:50,1,033,33192,1,1,1,4,ROCADE A 630,44.789893,-0.614323,1,ROCADE A 630,0,,3,6,0,1,25,700,1,, -1,1,0,1,90
202300017231,26,1,2023,20:50,5,033,33085,2,1,2,6,Route des 2 Ponts,44.769124,-0.493516,3,10,-1,D,2,2,0,1,84,500,1,,7,2,0,3,50
202300017294,27,1,2023,08:00,1,033,33281,2,3,1,3,Avenue du MarÃ©chal Lyautey,44.8543,-0.65675,4,AVE DU CHATEAU D'EAU,0,,2,2,0,1, -1, -1,1,, -1,9,0,1,50
202300017294,27,1,2023,08:00,1,033,33281,2,3,1,3,Avenue du MarÃ©chal Lyautey,44.8543,-0.65675,4,AVE DU MARECHAL LYAUTEY,0,,2,2,0,1, -1, -1,1,, -1,9,0,1,30
202300017512,16,10,2023,21:15,3,033,33424,1,1,1,6,D1215,45.14026603,-0.8178808,3,1215,-1,D,3,2,0,1,42,163,1,,7,1,0,1,110
202300017530,25,4,2023,16:35,1,033,33122,1,1,1,4,AUTOROUTE A 63,44.74455,-0.70406,1,AUTOROUTE A 63,0,,3,4,0,1,7,910,1,, -1,1,0,1,110
202300017684,4,7,2023,18:55,1,033,33063,2,2,1,3,Avenue de MÃ©rignac,44.83877,-0.62592,4,MERIGNAC (AVENUE DE),0,,2,3,2,1, -1, -1,1,, -1,1,5,1,50
202300017684,4,7,2023,18:55,1,033,33063,2,2,1,3,Avenue de MÃ©rignac,44.83877,-0.62592,4,RUE ALFRED DE MUSSET,0,,2,3,2,1, -1, -1,1,, -1,1,5,1,30
202300017808,9,8,2023,10:10,1,033,33122,1,1,1,4,AUTOROUTE A 63,44.73308,-0.72217,1,AUTOROUTE A 63,0,,3,4,0,1,9,699,1,,10,1,0,1,110
202300017888,9,8,2023,23:00,5,033,33063,2,1,1,2,Rue GÃ©nÃ©ral de Larminat,44.8335,-0.59214,4,RUE GENERAL DE LARMINAT,0,,2,4,3,1, -1, -1,1,, -1,1,0,1,50
202300017910,5,7,2023,18:43,1,033,33039,1,1,1,3,A630,44.80446064,-0.53183377,1,ROCADE A 631,0,,3,5,0,1,0,360,1,, -1,1,3,1,90
202300017911,5,7,2023,10:10,1,033,33448,1,1,1,7,AUTOROUTE A 62,44.69525,-0.49792,1,AUTOROUTE A 62,0,,1,1,0,2,9,500,3,, -1,1,0,1,50
202300017914,4,7,2023,18:20,1,033,33550,1,1,1,3,ROCADE A 630,44.77964933,-0.57428974,1,ROCADE A 630,0,,3,6,0,1,29,1 008,1,,14,1,0,1,90
202300018008,10,8,2023,07:00,1,033,33540,1,1,1,6,Rue de l?Abbe Banneau,45.349702,-1.042371,4,,-1,,2,2,0,1, -1, -1,1,, -1,1,0,3,80
202300018012,9,8,2023,20:30,2,033,33506,2,1,1,6,1074 Route de La rÃ©ole,44.68376,-0.076457,3,670,0,D,2,2,0,2,53,850,1,,7,1,0,3,50
202300018014,9,8,2023,23:30,3,033,33404,1,1,1,2,Route dÃ©partementale 16,44.631238,0.079629,3,16,0,D,2,2,0,2,22,100,1,,4,1,0,1,80
202300018018,6,8,2023,19:50,1,033,33236,1,3,1,3,D106,44.686497,-1.246321,3,106,0,D,2,2,0,1,62,175,3,,"5,5",1,0,1,70
202300018018,6,8,2023,19:50,1,033,33236,1,3,1,3,D106,44.686497,-1.246321,3,,-1,,2, -1,-1,1, -1, -1,1,, -1,1,0,1,70
202300018038,31,5,2023,12:55,1,033,33119,2,2,1,3,Rue du Docteur Pierre Masfrand,44.85804,-0.53539,4,RUE ALBERT DUPEYRON,0,,2,2,0,1, -1, -1,1,, -1,1,0,1,30
202300018038,31,5,2023,12:55,1,033,33119,2,2,1,3,Rue du Docteur Pierre Masfrand,44.85804,-0.53539,4,RUE DU DOCTEUR PIERRE MASFRAND,0,,1,2,2,1, -1, -1,1,, -1,1,0,1,30
202300018171,9,8,2023,12:10,1,033,33063,1,1,1,6,ROCADE A 630,44.8839009,-0.55809259,1,ROCADE A 630,0,,1,1,0,4,4,723,3,, -1,8,3,1,50
202300018177,8,8,2023,12:10,1,033,33096,1,1,1,2,AUTOROUTE A 10,44.89118802,-0.50207734,1,AUTOROUTE A 10,0,,3,7,0,1,542,99,1,,14,1,3,1,90
202300018181,8,8,2023,09:40,1,033,33122,1,1,1,4,AUTOROUTE A 63,44.75293,-0.69114,1,AUTOROUTE A 63,0,,3,4,0,1,6,500,1,,10,1,0,1,90
202300018183,4,7,2023,22:31,5,033,33039,2,1,1,2,Route de Toulouse,44.78466,-0.56618,4,TOULOUSE (RTE DE),0,,3,2,0,1, -1, -1,1,, -1,1,0,3,50
202300018267,18,11,2023,00:55,3,033,33075,1,1,1,6,ROCADE A 630,44.88779288,-0.5796361,1,ROCADE A 630,0,,3,6,0,1,6,500,1,, -1,1,2,1,90
202300018399,31,5,2023,07:15,1,033,33494,1,1,1,2,17 Route de Lacanau,44.939937,-0.833289,3,6,0,D,-1,2,0,1,23,460,1,,7,1,0,1,80
202300018418,31,5,2023,10:20,1,033,33096,1,1,1,3,AUTOROUTE A 10,44.89058375,-0.50245017,1,AUTOROUTE A 10,0,,3,6,0,1,542,200,1,,14,1,3,1,110
202300018424,14,3,2023,12:40,1,033,33063,2,1,3,6,Rue Esprit-Des-Lois,44.84306861,-0.57295337,4,RUE ESPRIT-DES-LOIS,0,,2,2,0,2, -1, -1,1,, -1,2,0,1,50
202300018427,14,3,2023,08:40,1,033,33039,2,3,2,3,Avenue LÃ©nine,44.79788452,-0.55269331,4,AVE LENINE,0,,2,2,1,2, -1, -1,1,, -1,2,2,1,50
202300018427,14,3,2023,08:40,1,033,33039,2,3,2,3,Avenue LÃ©nine,44.79788452,-0.55269331,4,,-1,,-1, -1,0,1, -1, -1,1,, -1,2,0,1,50
202300018524,15,9,2023,09:35,1,033,33281,1,1,1,4,ROCADE A 630,44.847985,-0.669321,1,ROCADE A 630,0,,3,6,0,1,15,411,1,,14,1,0,1,90
202300018531,17,11,2023,16:30,1,033,33063,2,9,1,6,Cours de la Marne,44.82861818,-0.56285352,4,CRS DE LA MARNE,0,,2,4,2,1, -1, -1,1,, -1,1,0,1,30
202300018531,17,11,2023,16:30,1,033,33063,2,9,1,6,Cours de la Marne,44.82861818,-0.56285352,4,MEUNIER DIT MUREINE (PCE ANDRE),0,,2,2,0,1, -1, -1,1,, -1,1,0,1,30
202300018710,13,3,2023,08:30,1,033,33063,1,1,1,4,ROCADE A 630,44.88022,-0.53835,1,ROCADE A 630,0,,3,6,0,2,3,509,1,, -1,1,2,1,70
202300018774,13,9,2023,20:30,4,033,33063,2,3,1,6,Boulevard des FrÃ¨res Moga,44.82660558,-0.54754883,4,BD DES FRERES MOGA,0,,2,4,0,1, -1, -1,1,, -1,1,5,1,50
202300018774,13,9,2023,20:30,4,033,33063,2,3,1,6,Boulevard des FrÃ¨res Moga,44.82660558,-0.54754883,4,RUE LA SEIGLIERE,0,,2,2,0,1, -1, -1,1,, -1,1,5,1,30
202300019070,14,9,2023,19:20,1,033,33249,1,1,1,3,AUTOROUTE A 10,44.8854,-0.50855,1,AUTOROUTE A 10,0,,3,6,0,2,542,961,1,,10,1,3,1,90
202300019141,22,12,2023,21:35,5,033,33019,2,2,2,3,Rue du Port,44.681451,-1.015012,4,,-1,,2,2,-1,1, -1, -1,1,, -1,2,0,1,50
202300019141,22,12,2023,21:35,5,033,33019,2,2,2,3,Rue du Port,44.681451,-1.015012,4,port,-1,,2,2,1,1, -1, -1,1,, -1,2,0,1,50
202300019166,22,12,2023,12:35,1,033,33249,1,1,2,4,ROUTE NATIONALE 230,44.8811691,-0.51108956,2,ROUTE NATIONALE 230,0,,3,6,0,1,43,860,1,, -1,2,0,1,90
202300019168,22,12,2023,07:35,3,033,33554,1,1,2,2,ROUTE NATIONALE 89,44.86911748,-0.46932921,2,ROUTE NATIONALE 89,0,,3,6,0,1,47,229,1,, -1,2,3,1,90
202300019281,14,10,2023,12:50,1,033,33366,2,1,1,3,Rue Emile Martin Dantagnan,44.994206,-0.441915,3,670,0,D,2,2,0,1,0, -1,1,,7,1,0,1,50
202300019285,16,10,2023,05:45,3,033,33039,1,1,1,2,ROCADE A 630,44.8001,-0.53564,1,ROCADE A 630,0,,3,6,0,1,33,740,1,, -1,1,0,1,90
202300019325,15,10,2023,16:40,1,033,33069,2,2,1,3,Boulevard Pierre 1er,44.85705,-0.59118,4,PIERRE 1ER (BD ),0,,2,4,3,1, -1, -1,1,, -1,1,5,1,50
202300019325,15,10,2023,16:40,1,033,33069,2,2,1,3,Boulevard Pierre 1er,44.85705,-0.59118,4,RUE DE TIVOLI,0,,2,2,3,1, -1, -1,1,, -1,1,5,1,50
202300019326,15,10,2023,06:10,4,033,33318,2,6,1,6,Avenue Gustave Eiffel,44.78159,-0.64981,4,AVE GUSTAVE EIFFEL,0,,2,2,1,1, -1, -1,3,, -1,1,5,1,50
202300019326,15,10,2023,06:10,4,033,33318,2,6,1,6,Avenue Gustave Eiffel,44.78159,-0.64981,4,,-1,,2,2,-1,1, -1, -1,1,, -1,1,0,1,-1
202300019327,15,10,2023,00:35,5,033,33063,2,2,1,3,RUE LUCIEN FAURE,44.86597,-0.56134,4,RACCORDEMENT (CRS DU),0,,2,3,0,1, -1, -1,1,, -1,1,0,1,50
202300019327,15,10,2023,00:35,5,033,33063,2,2,1,3,RUE LUCIEN FAURE,44.86597,-0.56134,4,RUE LUCIEN FAURE,0,,3,4,3,1, -1, -1,1,, -1,1,0,1,50
202300019510,14,10,2023,23:25,5,033,33063,2,3,1,3,RUE RENE MAGNE,44.88885,-0.5412,4,AVE DU DOCTEUR SCHINAZI,0,,2,2,0,1, -1, -1,1,, -1,1,0,1,50
202300019510,14,10,2023,23:25,5,033,33063,2,3,1,3,RUE RENE MAGNE,44.88885,-0.5412,4,RUE RENE MAGNE,0,,2,2,0,1, -1, -1,1,, -1,1,0,1,50
202300019543,24,4,2023,13:25,1,033,33433,1,1,1,5,25 Route d'AmbarÃ©s,44.920361,-0.447677,3,242,-1,,2,2,0,1,2,400,1,,7,1,0,1,80
202300019546,21,4,2023,14:25,1,033,33436,1,1,1,1,D111,44.60658632,-0.62040567,3,111,-1,,2,2,0,1,17,715,1,,4,1,0,1,80
202300019652,21,4,2023,10:58,1,033,33529,2,1,1,7,CAZAUX (BD DE) DU 02 ET +,44.61477151,-1.13606036,3,CAZAUX (BD DE) DU 02 ET +,0,,-1,2,0,1,2,300,3,, -1,1,9,1,50
202300019654,21,4,2023,09:35,1,033,33009,2,1,1,6,RD1250,44.6526,-1.15872,3,RD1250,0,,2,2,0,1,47,815,1,,7,1,0,3,50
202300019689,5,7,2023,10:30,1,033,33366,1,1,1,2,D1010,44.983036,-0.450965,3,1010,0,D,2,2,0,1,23,110,1,,7,1,0,1,80
202300019691,25,6,2023,17:15,1,033,33439,1,1,1,7,D135,45.114246,-0.419025,3,135,-1,,2,2,0,1,37,280,2,,"4,5",1,0,3,80
202300019810,8,8,2023,17:30,1,033,33529,2,1,1,1,TOURTERELLES (ALL. DES),44.62365488,-1.20161757,4,TOURTERELLES (ALL. DES),0,,2,0,0,1, -1, -1,1,, -1,1,0,1,30
202300020056,9,8,2023,12:15,1,033,33554,2,1,1,3,Route de Sainte-eulalie,44.887241,-0.473061,3,,-1,,2,2,0,4,5,175,4,, -1,1,0,1,50
202300020072,7,8,2023,10:35,1,033,33122,1,1,1,4,AUTOROUTE A 63,44.7444,-0.70442,1,AUTOROUTE A 63,0,,3,2,0,1,7,800,1,,10,1,9,1,110
202300020085,2,8,2023,19:30,1,033,33362,1,1,1,3,Rue des platiÃ¨res,45.02953173,-0.19545928,4,N,0,N,2,2,0,1, -1, -1,3,, -1,1,0,1,70
202300020233,18,11,2023,01:10,3,033,33049,1,1,1,6,Lieu Dit Lamirand,44.875184,-0.339965,4,,-1,,2,2,0,1, -1, -1,1,, -1,1,0,3,70
202300020243,30,5,2023,09:25,1,033,33281,1,1,1,6,ROCADE A 630,44.81545,-0.67266,1,ROCADE A 630,0,,3,6,0,1,19,260,1,, -1,1,0,1,90
202300020246,17,11,2023,15:12,1,033,33162,1,1,8,2,ROCADE A 630,44.87089023,-0.64275384,1,ROCADE A 630,0,,3,6,0,1,12,133,1,, -1,2,0,1,90
202300020249,17,11,2023,07:15,5,033,33550,1,1,2,2,AUTOROUTE A 62,44.77075631,-0.55477738,1,AUTOROUTE A 62,0,,3,4,0,1,0,850,1,, -1,2,0,1,90
202300020254,16,11,2023,09:08,1,033,33063,1,1,2,4,ROCADE A 630,44.88015056,-0.5385527,1,ROCADE A 630,0,,3,6,0,2,3,115,1,,14,2,2,1,70
202300020311,29,5,2023,23:30,5,033,33063,2,1,1,6,Rue Carle Vernet,44.81567,-0.55647,4,RUE CARLE VERNET,0,,1,2,1,1, -1, -1,1,, -1,1,0,1,50
202300020316,29,5,2023,22:00,5,033,33529,2,3,1,3,POILUS (RUE DES),44.62899,-1.15154,4,BRAOUET (RUE DE),0,,2,2,0,1, -1, -1,1,, -1,1,0,1,50
202300020316,29,5,2023,22:00,5,033,33529,2,3,1,3,POILUS (RUE DES),44.62899,-1.15154,4,POILUS (RUE DES),0,,1,1,0,1, -1, -1,1,, -1,1,0,1,50
202300020477,11,3,2023,20:50,3,033,33080,1,1,1,6,AUTOROUTE A 62,44.73113576,-0.53018689,1,AUTOROUTE A 62,0,,3,4,0,1,5,0,1,, -1,2,0,1,130
202300020480,11,3,2023,13:05,1,033,33039,1,1,3,5,ROCADE A 630,44.79391,-0.53971,1,ROCADE A 630,0,,3,6,0,1,33,6,1,, -1,4,3,1,90
202300020483,10,3,2023,17:25,1,033,33063,1,1,2,4,ROCADE A 630,44.8830799,-0.55390298,1,ROCADE A 630,0,,3,6,0,2,4,190,1,, -1,2,0,1,70
202300020528,16,11,2023,17:50,5,033,33281,2,1,2,6,Avenue de la Somme - ArrÃªt de Bus,44.82912,-0.66371,4,AVE DE LA SOMME,0,,2,3,0,1, -1, -1,1,, -1,2,9,1,50
202300020536,16,11,2023,14:27,1,033,33318,2,3,2,3,Avenue Antoine Becquerel,44.790446,-0.6503579,4,CANEJAN (AVE DE),0,,2,3,3,1, -1, -1,1,, -1,2,5,1,50
202300020536,16,11,2023,14:27,1,033,33318,2,3,2,3,Avenue Antoine Becquerel,44.790446,-0.6503579,4,,-1,,2,2,-1,1, -1, -1,1,, -1,2,5,1,50
202300020546,30,1,2023,07:50,1,033,33318,2,2,1,3,Avenue de NoÃ¨s,44.81074,-0.65038,4,AVE DE NOES,0,,2,2,0,1, -1, -1,1,, -1,1,9,1,50
202300020546,30,1,2023,07:50,1,033,33318,2,2,1,3,Avenue de NoÃ¨s,44.81074,-0.65038,4,AVE DU PONT DE L'ORIENT,0,,2,2,2,1, -1, -1,3,, -1,1,9,1,50
202300020549,16,11,2023,12:45,1,033,33119,2,1,1,4,Avenue Carnot,44.86063,-0.52947,4,AVE CARNOT,0,,1,1,0,2, -1, -1,2,, -1,1,0,1,50
202300020552,30,1,2023,08:00,2,033,33063,2,3,1,3,Rue d'Ornano,44.83362,-0.59088,4,RUE D'ORNANO,0,,1,2,0,1, -1, -1,1,, -1,1,5,1,50
202300020552,30,1,2023,08:00,2,033,33063,2,3,1,3,Rue d'Ornano,44.83362,-0.59088,4,RUE HERON,0,,1,1,0,1, -1, -1,1,, -1,1,5,1,50
202300020559,16,11,2023,12:07,1,033,33162,2,1,6,6,125 Avenue du Taillan-MÃ©doc,44.87799,-0.64417,4,AVE DU TAILLAN-MEDOC,0,,2,2,2,1, -1, -1,1,, -1,2,0,1,50
202300020567,13,9,2023,22:15,5,033,33063,2,3,1,3,Rue Esprit-Des-Lois,44.84341,-0.57011,4,QUAI DU MARECHAL LYAUTEY,0,,2,4,0,1, -1, -1,1,, -1,1,5,1,50
202300020567,13,9,2023,22:15,5,033,33063,2,3,1,3,Rue Esprit-Des-Lois,44.84341,-0.57011,4,RUE ESPRIT-DES-LOIS,0,,2,3,0,2, -1, -1,1,, -1,1,5,1,30
202300020569,12,3,2023,11:00,1,033,33119,2,2,2,3,Rue du MarÃ©chal Joffre,44.85357,-0.53189,4,CRS VICTOR HUGO,0,,2,2,0,1, -1, -1,3,, -1,2,0,1,30
202300020569,12,3,2023,11:00,1,033,33119,2,2,2,3,Rue du MarÃ©chal Joffre,44.85357,-0.53189,4,RUE DU MARECHAL JOFFRE,0,,2,2,0,1, -1, -1,1,, -1,2,0,1,30
202300020571,12,3,2023,07:30,2,033,33522,2,1,2,6,Chemin BÃ©nÃ©digues,44.79784,-0.58316,4,CHEM BENEDIGUE,0,,1,1,1,1, -1, -1,1,, -1,2,0,1,30
202300020695,13,3,2023,07:45,2,033,33042,1,1,1,2,Route d'Arcachon,44.525028,-0.80492,3,3,0,D,2,2,0,1,118,500,1,, -1,2,0,3,80
202300020719,9,3,2023,11:00,1,033,33167,1,1,1,5,ROUTE NATIONALE 230,44.837146,-0.500532,2,ROUTE NATIONALE 230,0,,3,6,0,2,38,950,1,, -1,1,0,2,90
202300020885,14,9,2023,07:20,2,033,33422,1,1,1,5,Rue du Camp de Souge,44.819457,-0.754173,3,211,0,D,2,2,0,1,2,848,1,,4,1,0,1,70
202300020897,13,9,2023,22:35,3,033,33192,1,1,1,2,ROCADE A 630,44.78568316,-0.59436411,1,ROCADE A 630,0,,3,6,0,1,27,600,1,, -1,1,0,1,90
202300020900,13,9,2023,08:58,1,033,33550,1,1,1,4,AUTOROUTE A 62,44.782127,-0.584454,1,AUTOROUTE A 62,0,,3,6,0,1,29,100,1,, -1,1,0,1,90
202300020904,12,9,2023,17:10,1,033,33013,1,1,2,5,ROUTE NATIONALE 230,44.86816811,-0.50439745,2,ROUTE NATIONALE 230,0,,3,6,0,1,42,349,1,, -1,2,3,1,90
202300020907,12,9,2023,06:40,3,033,33039,1,1,1,7,ROCADE A 630,44.79476,-0.53952,1,ROCADE A 630,0,,3,6,0,2,33,0,3,, -1,2,3,1,50
202300020988,20,12,2023,16:42,1,033,33281,2,1,7,6,Avenue de l'Europe,44.8217,-0.66617,4,EUROPE (AVE DE L),0,,2,1,0,1, -1, -1,1,, -1,1,6,1,30
202300020991,21,12,2023,08:00,2,033,33009,2,6,8,6,DE GAULLE (AVE GAL),44.6595,-1.1652,4,DE GAULLE (AVE GAL),0,,2,2,0,1, -1, -1,1,, -1,2,5,1,50
202300021062,26,1,2023,17:40,1,033,33199,2,1,1,2,95 Rue Chante Cigale,44.626512,-1.06236,4,,-1,,2,2,1,1, -1, -1,1,,4,1,0,1,50
202300021095,28,1,2023,17:20,2,033,33449,2,1,1,6,Avenue du Haillan,44.873836,-0.704856,4,211E1,-1,,2,2,0,1, -1, -1,1,, -1,1,0,1,50
202300021194,21,12,2023,18:53,3,033,33550,1,1,2,4,AUTOROUTE A 62,44.775,-0.55654,1,AUTOROUTE A 62,0,,3,4,0,1,0,412,1,,0,2,0,1,130
202300021195,21,12,2023,09:50,1,033,33039,1,1,2,2,ROCADE A 630,44.79255009,-0.54016642,1,ROCADE A630,0,,3,6,0,1,33,119,1,, -1,2,0,1,90
202300021415,13,10,2023,18:48,2,033,33162,2,1,1,4,RUE DU 19 MARS 1962,44.87122,-0.64827,4,RUE DU 19 MARS 1962,0,,2,2,0,1, -1, -1,2,, -1,1,0,1,50
202300021417,13,10,2023,10:48,1,033,33318,2,3,1,3,Avenue des Provinces,44.78887,-0.68265,4,AVE DE CHAMPAGNE,0,,2,2,0,1, -1, -1,1,, -1,1,0,1,50
202300021417,13,10,2023,10:48,1,033,33318,2,3,1,3,Avenue des Provinces,44.78887,-0.68265,4,AVE DES PROVINCES,0,,3,2,2,1, -1, -1,1,, -1,1,0,1,50
202300021419,12,10,2023,18:25,1,033,33119,2,6,1,2,Avenue RenÃ© Cassagne,44.85841,-0.51532,4,CASSAGNE (AVE RENE),0,,3,2,0,1, -1, -1,1,, -1,1,5,1,50
202300021419,12,10,2023,18:25,1,033,33119,2,6,1,2,Avenue RenÃ© Cassagne,44.85841,-0.51532,4,RUE DU DOCTEUR ROUX,0,,3,2,0,1, -1, -1,1,, -1,1,5,1,50
202300021422,13,10,2023,15:10,1,033,33529,1,1,1,1,D259,44.60359,-1.17012,3,D259,0,,2,2,1,1,2,250,3,, -1,1,0,1,80
202300021459,22,4,2023,22:10,5,033,33249,1,1,1,6,ROUTE NATIONALE 230,44.870673,-0.505344,2,ROUTE NATIONALE 230,0,,3,6,0,1,42,770,1,, -1,1,3,1,90
202300021464,27,6,2023,17:00,1,033,33243,2,6,1,3,Place Jean Moulin,44.918836,-0.242162,3,670,0,D,1,2,2,1, -1, -1,2,, -1,1,5,5,50
202300021563,2,7,2023,01:25,3,033,33249,2,6,2,1,Avenue du PrÃ©sident J.F. Kennedy,44.86572,-0.51384,4,AVE DU PRESIDENT J.F. KENNEDY,0,,2,5,0,1, -1, -1,1,, -1,2,5,1,50
202300021563,2,7,2023,01:25,3,033,33249,2,6,2,1,Avenue du PrÃ©sident J.F. Kennedy,44.86572,-0.51384,4,,-1,,1,3,2,1, -1, -1,2,, -1,2,5,1,-1
202300021575,19,4,2023,11:45,1,033,33318,2,2,1,3,Avenue du GÃ©nÃ©ral Leclerc,44.7824,-0.68878,4,ALL SALVADOR ALLENDE,0,,2,3,0,1, -1, -1,1,, -1,1,5,1,50
202300021575,19,4,2023,11:45,1,033,33318,2,2,1,3,Avenue du GÃ©nÃ©ral Leclerc,44.7824,-0.68878,4,AVE DU GENERAL LECLERC,0,,2,5,1,1, -1, -1,1,, -1,1,5,1,50
202300021756,21,4,2023,23:00,3,033,33321,1,1,2,6,N10,45.04132,-0.412446,2,10,-1,,3,4,0,1,15,461,1,,7,2,0,3,110
202300021821,6,8,2023,22:25,3,033,33122,1,1,1,6,AUTOROUTE A 63,44.726786,-0.73082685,1,AUTOROUTE A 63,0,,3,4,0,1,10,600,1,, -1,1,0,3,110
202300022044,4,8,2023,20:20,1,033,33069,2,3,1,3,Avenue FÃ©lix Faure,44.85361,-0.59577,4,AVE D'EYSINES CAUD,0,,2,2,3,1, -1, -1,1,, -1,1,0,1,30
202300022044,4,8,2023,20:20,1,033,33069,2,3,1,3,Avenue FÃ©lix Faure,44.85361,-0.59577,4,AVE FELIX FAURE CAUD,0,,2,2,0,1, -1, -1,1,, -1,1,0,1,30