Num_Acc,jour,mois,an,hrmn,lum,dep,com,agg,int,atm,col,adr,lat,long,catr,voie,v1,v2,circ,nbv,vosp,prof,pr,pr1,plan,lartpc,larrout,surf,infra,situ,vma
202300022049,4,8,2023,14:45,1,033,33063,2,1,1,6,Boulevard des FrÃ¨res Moga,44.82946,-0.55259,4,BD DES FRERES MOGA,0,,1,1,0,1, -1, -1,2,, -1,1,1,1,30
202300022052,4,8,2023,01:42,3,033,33039,2,1,2,6,Route de Toulouse,44.79493054,-0.56772977,4,RTE DE TOULOUSE,0,,2,2,0,1, -1, -1,1,, -1,2,0,3,50
202300022054,18,5,2023,16:30,1,033,33240,2,3,1,3,Cours Mal de Lattre de Tassigny,45.30635722,-0.93626607,3,1215,0,D,2,2,0,1,62,500,1,,"5,5",1,0,1,50
202300022054,18,5,2023,16:30,1,033,33240,2,3,1,3,Cours Mal de Lattre de Tassigny,45.30635722,-0.93626607,3,,-1,,2,2,-1,1,0,0,1,, -1,1,0,1,-1
202300022057,1,8,2023,20:42,1,033,33281,2,1,1,3,Avenue de Magudas,44.85632,-0.65088,4,MAGUDAS (AVE DE),0,,2,3,2,1, -1, -1,1,, -1,1,0,1,50
202300022062,4,8,2023,17:50,1,033,33529,2,1,1,1,PARC DES EXPOSITIONS (Ave du),44.6059116,-1.12055719,4,PARC DES EXPOSITIONS (Ave du),0,,2,2,0,1, -1, -1,1,, -1,1,0,1,50
202300022066,24,7,2023,17:02,1,033,33009,2,3,1,6,DESBIEY (CRS) DU 99 ET +,44.6596,-1.17282,4,DESBIEY (CRS) DU 99 ET +,0,,2,2,0,1, -1, -1,1,, -1,1,0,1,30
202300022066,24,7,2023,17:02,1,033,33009,2,3,1,6,DESBIEY (CRS) DU 99 ET +,44.6596,-1.17282,4,,-1,,1,1,-1,1, -1, -1,1,, -1,1,0,1,30
202300022069,2,8,2023,19:27,1,033,33009,2,1,1,1,MESTREZAT (BD),44.65571001,-1.14681199,4,MESTREZAT (BD),0,,2,2,1,1, -1, -1,1,, -1,1,9,1,50
202300022134,28,1,2023,08:20,4,033,33063,2,3,1,5,Boulevard Alfred Daney,44.86675,-0.57375,4,BD ALFRED DANEY,0,,2,4,0,1, -1, -1,1,, -1,1,0,1,30
202300022134,28,1,2023,08:20,4,033,33063,2,3,1,5,Boulevard Alfred Daney,44.86675,-0.57375,4,RUE PIERRE LATECOERE,0,,1,1,0,1, -1, -1,1,, -1,1,0,1,30
202300022137,28,1,2023,06:15,3,033,33529,1,1,1,6,,44.61353171,-1.14771992,2,RD1250 (BONNEVAL - LA HUME) - Z.A.,0,,2,2,0,1,42,729,1,, -1,1,0,3,80
202300022205,10,3,2023,09:13,1,033,33069,2,3,6,3,Avenue PrÃ©sident Robert Schuman,44.85583,-0.59477,4,AVE PRESIDENT ROBERT SCHUMAN,0,,1,1,2,1, -1, -1,1,, -1,1,0,1,30
202300022205,10,3,2023,09:13,1,033,33069,2,3,6,3,Avenue PrÃ©sident Robert Schuman,44.85583,-0.59477,4,RUE ARMAND LAMARQUE,0,,2,2,0,1, -1, -1,1,, -1,1,0,1,30
202300022318,29,10,2023,09:45,1,033,33506,2,1,3,7,Route de Langon,44.69115626,-0.08771628,3,672,-1,,2,2,0,1,35,700,1,,7,2,0,1,50
202300022322,16,11,2023,02:35,3,033,33505,1,1,1,6,Route de Creon,44.77158399,-0.33083439,3,671,-1,,2,2,0,1,9,727,2,,7,2,0,3,80
202300022343,25,1,2023,08:35,2,033,33349,1,3,1,3,Le Joucla,44.744821,-0.486389,3,10,0,,2,2,0,1,87,0,1,,7,1,0,1,80
202300022343,25,1,2023,08:35,2,033,33349,1,3,1,3,Le Joucla,44.744821,-0.486389,3,,-1,,2,1,-1,1, -1, -1,1,, -1,1,0,1,80
202300022347,25,1,2023,17:30,2,033,33528,1,1,1,3,20 Route de Blagon,44.873115,-0.985637,3,5,0,D,2,2,0,1,33,130,1,, -1,1,0,1,70
202300022366,12,3,2023,09:53,1,033,33310,1,1,8,6,Liot,44.49627447,-0.50872654,3,110,-1,,2,2,0,1,43,600,2,, -1,1,0,3,-1
202300022452,12,3,2023,12:40,1,033,33051,2,6,2,6,Avenue des Boiens,44.632772,-0.979655,3,,-1,,2,2,1,1,2,324,1,, -1,2,0,1,-1
202300022452,12,3,2023,12:40,1,033,33051,2,6,2,6,Avenue des Boiens,44.632772,-0.979655,3,,0,D,2,2,0,1,1,140,1,, -1,2,0,1,50
202300022537,27,1,2023,20:07,5,033,33063,2,3,8,3,Rue Pere Dieuzaide,44.83924,-0.58464,4,DIEUZAIDE (RUE PERE),0,,2,2,0,1, -1, -1,1,, -1,1,0,1,50
202300022537,27,1,2023,20:07,5,033,33063,2,3,8,3,Rue Pere Dieuzaide,44.83924,-0.58464,4,,-1,,2,2,-1,1, -1, -1,1,, -1,1,0,1,50
202300022541,26,1,2023,07:40,2,033,33249,2,6,1,3,Avenue Carnot,44.86565,-0.51375,4,AVE CARNOT,0,,4,4,1,1, -1, -1,1,, -1,1,0,1,50
202300022541,26,1,2023,07:40,2,033,33249,2,6,1,3,Avenue Carnot,44.86565,-0.51375,4,,-1,,1,2,-1,1, -1, -1,2,, -1,1,0,1,50
202300022545,25,1,2023,21:10,5,033,33063,2,1,8,6,Cours Henri Brunet,44.86641,-0.56037,4,BRUNET (CRS HENRI),0,,2,2,0,1, -1, -1,1,, -1,2,0,1,30
202300022770,15,11,2023,14:10,1,033,33318,1,1,1,3,Avenue du MarÃ©chal de Lattre de Tassigny (rd),44.77331,-0.71053,4,AVE MAL DE LATTRE DE TASSIGNY,0,,2,2,0,1, -1, -1,1,, -1,1,0,1,70
202300022772,15,11,2023,05:30,3,033,33039,1,1,2,2,Quai du PrÃ©sident Wilson,44.81582275,-0.5364646,4,QUAI DU PRESIDENT WILSON,0,,2,2,0,1, -1, -1,1,, -1,2,0,1,50
202300022887,12,9,2023,17:05,1,033,33192,2,1,3,4,Cours du GÃ©nÃ©ral de Gaulle,44.78971,-0.60519,4,CRS DU GENERAL DE GAULLE,0,,2,4,1,1, -1, -1,1,, -1,2,2,1,50
202300022888,12,9,2023,16:40,1,033,33550,2,8,3,6,Route de Toulouse,44.78186043,-0.56602389,4,TOULOUSE (RTE DE),0,,2,4,3,1, -1, -1,1,, -1,2,4,1,50
202300022889,11,9,2023,17:55,1,033,33167,2,1,1,6,Rue Jules Guesde,44.82922,-0.5287,4,GUESDE (RUE JULES),0,,2,2,0,1, -1, -1,1,, -1,1,0,1,30
202300022890,11,9,2023,09:45,1,033,33063,1,1,1,4,Boulevard des FrÃ¨res Moga,44.82385093,-0.54325461,4,BD DES FRERES MOGA,0,,3,6,0,1, -1, -1,1,, -1,1,0,1,50
202300022954,18,12,2023,09:00,1,033,33334,2,8,5,3,passage Ã  niveau 28 Route de Rapin,44.689613,-0.417459,3,214e6,-1,,2,2,0,1,0,280,1,,4,1,4,1,50
202300023071,20,12,2023,09:55,3,033,33249,1,1,2,4,Pont d'Aquitaine,44.8787622,-0.53049139,1,ROCADE A 630,0,,3,3,0,2,2,470,3,,14,2,2,1,70
202300023073,20,12,2023,09:15,1,033,33192,1,1,1,2,ROCADE A 630,44.79003708,-0.60711432,1,ROCADE A 630,0,,3,6,0,1,26,500,1,, -1,1,0,1,90
202300023138,15,5,2023,08:55,1,033,33056,2,3,1,3,Avenue du 11 Novembre,44.904088,-0.619582,4,210,0,D,2,2,1,2, -1, -1,1,, -1,1,0,1,50
202300023138,15,5,2023,08:55,1,033,33056,2,3,1,3,Avenue du 11 Novembre,44.904088,-0.619582,4,,-1,,2, -1,-1,1, -1, -1,1,, -1,1,0,1,20
202300023247,13,10,2023,15:25,1,033,33205,1,1,1,6,D11,44.623381,-0.370488,3,11,-1,,2,2,0,1,30,210,1,,"5,5",1,0,8,80
202300023402,12,10,2023,14:30,1,033,33023,1,1,7,1,D1113,44.694498,-0.49402,3,1113,0,D,2,2,0,1, -1, -1,1,,4,1,0,1,70
202300023404,13,10,2023,19:55,5,033,33312,2,1,1,3,Rue des Palus,44.947317,-0.589732,4,,-1,,2,2,0,1, -1, -1,1,, -1,1,0,1,50
202300023414,13,10,2023,21:29,3,033,33013,1,1,1,4,ROUTE NATIONALE 89,44.86854323,-0.50320387,2,ROUTE NATIONALE 89,0,,3,4,0,1,50,0,1,, -1,1,0,1,50
202300023565,21,4,2023,07:25,1,033,33165,2,1,1,5,Avenue de lâEntre 2 Mers,44.8241,-0.441663,3,936E5,-1,,2,2,0,1,10,380,1,,7,1,0,1,50
202300023650,18,4,2023,22:10,5,033,33281,2,3,1,3,Rue Camille Saint-SaÃ«ns,44.84375,-0.64549,4,AVE DE LA LIBERATION,0,,2,2,0,2, -1, -1,1,, -1,1,0,1,30
202300023650,18,4,2023,22:10,5,033,33281,2,3,1,3,Rue Camille Saint-SaÃ«ns,44.84375,-0.64549,4,RUE CAMILLE SAINT-SAENS,0,,1,1,2,2, -1, -1,1,, -1,1,0,1,30
202300023778,19,4,2023,17:45,1,033,33311,2,1,1,1,CÃ´te de Bourbon,44.685879,-0.360811,3,,-1,,2,2,0,2,38,0,1,, -1,1,0,1,50
202300023805,8,3,2023,20:00,3,033,33351,1,1,1,6,D132e2,45.210929,-0.488275,3,132e2,-1,,2,2,0,1,1,168,1,,6,1,0,3,80
202300023924,27,1,2023,23:30,3,033,33029,1,1,1,2,A63 PK 016.400 vers BORDEAUX,44.681318,-0.789471,1,63,0,A,3,4,0,1,17,603,1,, -1,1,0,1,130
202300023978,28,1,2023,12:20,1,033,33321,1,1,8,6,D115 - PK 33+600,45.034616,-0.442489,3,D115,-1,,2,2,0,2,33,627,1,, -1,1,2,8,80
202300024009,9,3,2023,19:00,3,033,33281,2,1,1,3,Avenue FranÃ§ois Mitterrand,44.81284,-0.69431,4,AVE FRANCOIS MITTERRAND,0,,2,3,1,1, -1, -1,1,, -1,1,0,1,50
202300024015,9,3,2023,18:25,1,033,33192,2,4,2,3,AllÃ©e Flora,44.7691,-0.59709,4,ALL FLORA,0,,1,1,0,2, -1, -1,3,, -1,2,9,1,30
202300024015,9,3,2023,18:25,1,033,33192,2,4,2,3,AllÃ©e Flora,44.7691,-0.59709,4,RUE DES STELLAIRES,0,,2,2,0,2, -1, -1,2,, -1,2,0,1,30
202300024018,9,3,2023,16:40,1,033,33063,2,1,1,6,Place Pey Berland,44.83783,-0.57629,4,PCE PEY BERLAND,0,,2,2,0,1, -1, -1,1,, -1,1,0,1,30
202300024022,9,3,2023,08:50,1,033,33063,2,1,1,3,Cours du MÃ©doc,44.86263,-0.57199,4,MEDOC (CRS DU),0,,2,2,0,1, -1, -1,1,, -1,1,0,1,50
202300024121,26,1,2023,01:00,5,033,33063,2,3,1,3,Rue de la Faiencerie,44.86358,-0.55943,4,RUE DE LA FAIENCERIE,0,,1,1,0,1, -1, -1,1,, -1,1,0,1,30
202300024121,26,1,2023,01:00,5,033,33063,2,3,1,3,Rue de la Faiencerie,44.86358,-0.55943,4,STUTTENBERG (CRS BALGUERIE),0,,1,3,1,1, -1, -1,1,, -1,1,0,1,50
202300024420,12,11,2023,07:25,2,033,33272,1,1,2,1,RD18,45.075616,-0.386372,3,18,-1,,2,2,0,2,34,530,3,,6,2,2,1,80
202300024436,24,1,2023,14:50,1,033,33119,2,2,8,6,Avenue Jean Zay,44.85344134,-0.50596386,2,AVE JEAN ZAY,0,,3,4,0,1, -1, -1,1,, -1,1,5,1,50
202300024436,24,1,2023,14:50,1,033,33119,2,2,8,6,Avenue Jean Zay,44.85344134,-0.50596386,2,SORTIE ROCADE N°26,0,,1,2,0,1,40,700,1,, -1,1,3,1,50
202300024452,15,11,2023,18:55,3,033,33075,1,1,1,2,ROCADE A 630,44.88461546,-0.62193453,1,ROCADE A 630,0,,3,6,0,1,9,1 170,1,,10,1,0,1,90
202300024458,15,11,2023,14:15,1,033,33550,1,1,1,4,ROCADE A 630,44.78610578,-0.54146558,1,ROCADE A 630,0,,3,6,0,1,32,400,1,,"17,5",1,0,1,90
202300024461,27,5,2023,16:50,1,033,33238,2,9,1,1,27 Chemin de Jacquin,44.744304,-0.58395,4,,-1,,4,2,0,2, -1, -1,3,, -1,1,9,1,30
202300024462,15,11,2023,09:08,1,033,33550,1,1,1,6,ROCADE A 630,44.77812502,-0.55844933,1,ROCADE A 630,0,,1,1,0,1,31,299,2,, -1,2,3,1,90
202300024519,4,9,2023,21:53,3,033,33284,1,1,1,6,D216,44.586739,-0.946128,3,216,-1,,-1,2,0,1,13,750,1,, -1,1,0,3,80
202300024555,12,9,2023,02:08,4,033,33122,1,1,2,6,AUTOROUTE A 63,44.748723,-0.697644,1,AUTOROUTE A 63,0,,3,4,0,1,7,99,1,, -1,2,0,3,130
202300024567,8,3,2023,08:30,1,033,33318,2,6,2,6,Avenue Jean Bart,44.7816,-0.6774,4,AVE JEAN BART,0,,2,2,0,1, -1, -1,1,, -1,2,0,3,50
202300024567,8,3,2023,08:30,1,033,33318,2,6,2,6,Avenue Jean Bart,44.7816,-0.6774,4,RUE PAUL-EMILE VICTOR,0,,2,2,0,1, -1, -1,1,, -1,2,0,3,50
202300024710,19,12,2023,19:35,5,033,33318,2,1,1,1,Rue du Plateau de NoÃ¨s,44.80851,-0.64339,4,RUE DU PLATEAU DE NOES,0,,2,2,0,1, -1, -1,2,, -1,1,0,1,50
202300024713,19,12,2023,18:50,5,033,33318,2,1,1,3,Esplanade des Antilles,44.79514,-0.61732,4,ESP DES ANTILLES,0,,2,1,0,1, -1, -1,1,, -1,1,0,1,30
202300024716,19,12,2023,08:40,1,033,33281,2,3,1,5,Avenue du Chut,44.84888,-0.66402,4,AVE DU CHUT,0,,2,2,0,1, -1, -1,1,, -1,2,0,1,50
202300024716,19,12,2023,08:40,1,033,33281,2,3,1,5,Avenue du Chut,44.84888,-0.66402,4,,-1,,-1, -1,-1,1, -1, -1,1,, -1,2,0,1,-1
202300024731,12,9,2023,15:00,1,033,33296,1,1,1,6,D17,44.822425,-0.042426,3,17,-1,,2,2,0,1,36,300,3,,"5,5",2,0,3,80
202300024798,11,9,2023,22:40,3,033,33343,1,1,3,7,A62,44.579204,-0.330065,1,62,0,A,3,4,0,1,28,600,1,,10,2,0,1,110
202300024823,12,9,2023,06:45,5,033,33056,2,1,8,1,Rue Jean Duvert,44.918739,-0.612842,4,,-1,,2,2,0,1, -1, -1,1,, -1,2,0,1,50
202300024843,11,9,2023,15:40,1,033,33065,1,1,1,3,ROUTE NATIONALE 230,44.82867,-0.50341,2,ROUTE NATIONALE 230,0,,3,6,0,2,37,875,1,, -1,1,0,1,90
202300024847,14,11,2023,20:05,5,033,33281,2,2,8,3,Avenue de Foncastel,44.83461,-0.63724,4,AVE DE FONCASTEL,0,,2,2,2,1, -1, -1,1,, -1,2,5,1,50
202300024847,14,11,2023,20:05,5,033,33281,2,2,8,3,Avenue de Foncastel,44.83461,-0.63724,4,AVE DE LA MARNE,0,,2,2,2,1, -1, -1,1,, -1,2,5,1,50
202300024851,14,11,2023,19:02,2,033,33281,2,6,2,3,Avenue de Bourranville,44.84340713,-0.63200891,4,AVE DE BOURRANVILLE,0,,2,2,0,1, -1, -1,2,, -1,2,0,1,50
202300024851,14,11,2023,19:02,2,033,33281,2,6,2,3,Avenue de Bourranville,44.84340713,-0.63200891,4,AVE DE CAUDERAN,0,,3,2,0,1, -1, -1,2,, -1,2,0,1,50
202300024855,14,11,2023,08:22,1,033,33063,2,3,2,3,Cours Victor Hugo,44.835,-0.57203,4,HUGO (CRS VICTOR),0,,2,4,3,1, -1, -1,1,, -1,2,0,1,50
202300024855,14,11,2023,08:22,1,033,33063,2,3,2,3,Cours Victor Hugo,44.835,-0.57203,4,RICHEMONT (PCE DE LA FERME DE) (1-33),0,,1,1,0,1, -1, -1,1,, -1,2,0,1,20
202300024858,14,11,2023,10:00,1,033,33529,2,1,1,3,MARIOLAN (CH. DE),44.647369,-1.156134,3,MARIOLAN (CH. DE),0,,2,2,0,1,0,0,1,, -1,2,0,1,50
202300024950,10,9,2023,23:00,5,033,33281,2,6,1,6,Avenue de la Marne,44.83549262,-0.63491911,4,AVE DE LA MARNE,0,,3,2,0,1, -1, -1,1,, -1,1,0,1,30
202300024950,10,9,2023,23:00,5,033,33281,2,6,1,6,Avenue de la Marne,44.83549262,-0.63491911,4,RUE LEO LAGRANGE,0,,2,2,0,1, -1, -1,1,, -1,1,0,1,30
202300024952,10,9,2023,19:45,1,033,33281,2,1,1,4,Avenue FranÃ§ois Mitterrand,44.81813574,-0.66728264,4,AVE FRANCOIS MITTERRAND,0,,2,2,0,1, -1, -1,1,, -1,1,0,1,50
202300024968,19,12,2023,19:30,5,033,33063,1,1,1,4,ROCADE A 630,44.88069728,-0.54105374,1,ROCADE A 630,0,,3,3,0,1,3,340,1,, -1,1,2,1,70
202300024969,19,12,2023,11:10,1,033,33167,1,1,1,4,ROUTE NATIONALE 230,44.82143083,-0.5173552,2,ROUTE NATIONALE 230,0,,1,1,0,1,36,500,1,,14,1,3,1,30
202300025038,18,12,2023,14:40,1,033,33063,2,1,5,2,Boulevard du PrÃ©sident Franklin Roosevelt,44.816,-0.5746,4,BD DU PDT FRANKLIN ROOSEVELT,0,,2,2,0,1, -1, -1,1,, -1,1,0,1,50
202300025039,18,12,2023,10:35,1,033,33063,2,3,1,3,Rue Borie,44.85334,-0.56722,4,QUAI DES CHARTRONS,0,,1,1,0,1, -1, -1,1,, -1,1,9,1,30
202300025039,18,12,2023,10:35,1,033,33063,2,3,1,3,Rue Borie,44.85334,-0.56722,4,RUE BORIE,0,,1,1,0,1, -1, -1,1,, -1,1,6,1,20
202300025040,17,12,2023,00:30,5,033,33063,1,1,1,6,RUE RENE MAGNE,44.88877,-0.54326,4,RUE RENE MAGNE,0,,2,2,0,1, -1, -1,1,, -1,1,0,4,70
202300025049,30,6,2023,23:55,5,033,33063,2,3,2,3,Cours de la Somme,44.82486,-0.57249,4,CRS DE LA SOMME,0,,2,2,3,1, -1, -1,1,, -1,2,0,1,30
202300025049,30,6,2023,23:55,5,033,33063,2,3,2,3,Cours de la Somme,44.82486,-0.57249,4,,-1,,1,1,-1,1, -1, -1,1,, -1,2,0,1,30
202300025125,28,6,2023,04:50,2,033,33366,1,2,1,1,RD 670,44.982437,-0.407739,3,670,-1,,2,2,0,1,3, -1,1,,7,1,0,1,70
202300025125,28,6,2023,04:50,2,033,33366,1,2,1,1,RD 670,44.982437,-0.407739,3,,-1,,2, -1,-1,1, -1, -1,1,, -1,1,0,1,50
202300025135,28,6,2023,16:50,1,033,33065,1,1,1,3,ROUTE NATIONALE 230,44.82648,-0.50816,2,ROUTE NATIONALE 230,0,,3,6,0,2,37,400,1,,14,1,0,1,90
202300025189,29,6,2023,19:00,1,033,33063,2,8,1,1,Quai de Bacalan,44.86336987,-0.55033296,4,QUAI DE BACALAN,0,,1,1,3,1, -1, -1,1,, -1,1,4,8,30
202300025207,12,10,2023,08:15,1,033,33063,2,3,1,3,Quai du MarÃ©chal Lyautey,44.8433,-0.57008,4,LOIS (RUE ESPRIT-DES),0,,2,3,0,1, -1, -1,1,, -1,1,5,1,50
202300025207,12,10,2023,08:15,1,033,33063,2,3,1,3,Quai du MarÃ©chal Lyautey,44.8433,-0.57008,4,QUAI DU MARECHAL LYAUTEY,0,,2,5,0,1, -1, -1,1,, -1,1,5,1,50
202300025210,11,10,2023,22:10,3,033,33162,2,1,1,2,Avenue du Taillan-MÃ©doc,44.8735,-0.6346,4,AVE DU TAILLAN-MEDOC,0,,2,2,0,2, -1, -1,1,, -1,1,0,1,50
202300025366,9,10,2023,08:30,1,033,33122,2,1,1,1,Chemin de Marticot,44.75267391,-0.68721011,4,,-1,,2,2,0,1, -1, -1,1,, -1,1,0,1,50
202300025390,12,10,2023,08:40,1,033,33318,1,1,1,3,ROCADE A 630,44.7888229,-0.62615097,1,ROCADE A 630,0,,3,6,0,1,24,655,1,, -1,1,0,1,90
202300025391,12,10,2023,08:25,1,033,33003,1,1,1,3,AUTOROUTE A 10,44.9319406,-0.46848267,1,AUTOROUTE A 10,0,,3,6,0,1,536,700,1,,14,1,3,1,130
202300025392,11,10,2023,19:25,1,033,33281,1,1,1,6,ROCADE A 630,44.82873109,-0.67551434,1,ROCADE A 630,0,,-1,6,0,1,17,583,1,, -1,1,0,1,90
202300025393,11,10,2023,11:25,1,033,33550,1,1,1,4,AUTOROUTE A 62,44.77689,-0.55663,1,AUTOROUTE A 62,0,,1,2,0,1,0,699,3,,"10,5",1,3,1,70
202300025448,17,4,2023,15:15,1,033,33214,1,1,1,5,rd6,44.98458702,-1.06665015,3,6,-1,,2,2,0,1,43,300,1,,6,1,0,1,80
202300025566,18,4,2023,13:20,1,033,33318,2,6,1,3,AllÃ©e des Tulipes,44.78996,-0.63451,4,ALL DES TULIPES,0,,2,2,0,1, -1, -1,1,, -1,1,0,1,50
202300025566,18,4,2023,13:20,1,033,33318,2,6,1,3,AllÃ©e des Tulipes,44.78996,-0.63451,4,AVE DE SAIGE,0,,2,2,2,1, -1, -1,1,, -1,1,0,1,50
202300025568,18,4,2023,14:30,1,033,33009,2,3,1,3,KEMP (RUE ROBERT),44.65744,-1.15857,4,DEGANNE (BD) DU 37 ET +,0,,3,2,0,1, -1, -1,1,, -1,1,0,1,50
202300025568,18,4,2023,14:30,1,033,33009,2,3,1,3,KEMP (RUE ROBERT),44.65744,-1.15857,4,KEMP (RUE ROBERT),0,,2,2,0,1, -1, -1,1,, -1,1,0,1,50
202300025596,6,8,2023,02:00,3,033,33015,1,9,1,6,"Autoroute A89, PK 020.785, sens PERIGUEUX-BORDEAUX",44.885082,-0.268618,1,89,0,A,3,2,0,1,20,785,1,,10,1,9,8,130
202300025686,2,8,2023,18:00,1,033,33214,2,3,1,1,Avenue du Cantabria,45.006928,-1.193025,4,,-1,,2,2,0,1, -1, -1,1,, -1,1,5,1,50
202300025686,2,8,2023,18:00,1,033,33214,2,3,1,1,Avenue du Cantabria,45.006928,-1.193025,4,,-1,,2,2,-1,1, -1, -1,1,, -1,1,0,1,50
202300025738,25,1,2023,13:55,1,033,33162,2,6,1,3,Avenue de Saint-Medard,44.86404,-0.66098,4,RUE GUYNEMER,0,,2,2,0,1, -1, -1,1,, -1,1,0,1,50
202300025738,25,1,2023,13:55,1,033,33162,2,6,1,3,Avenue de Saint-Medard,44.86404,-0.66098,4,ST MEDARD (AVE),0,,2,3,2,1, -1, -1,1,, -1,1,0,1,50
202300025834,17,4,2023,17:20,1,033,33192,1,1,1,4,ROCADE A 630,44.787556,-0.598352,1,ROCADE A 630,0,,3,6,0,1,27,299,1,, -1,1,0,1,90
202300025873,6,8,2023,12:10,1,033,33554,2,3,1,3,Avenue des Tabernottes,44.87857464,-0.46672213,3,115,-1,,2,2,0,2,49, -1,1,,6,1,0,1,70
202300025873,6,8,2023,12:10,1,033,33554,2,3,1,3,Avenue des Tabernottes,44.87857464,-0.46672213,3,,-1,,2, -1,0,1, -1, -1,2,, -1,1,0,1,50
202300025876,4,8,2023,22:10,5,033,33056,2,4,1,3,Rue des GraviÃ¨res,44.93147534,-0.63366383,4,,-1,,2,2,0,1, -1, -1,1,, -1,1,0,1,30
202300025876,4,8,2023,22:10,5,033,33056,2,4,1,3,Rue des GraviÃ¨res,44.93147534,-0.63366383,4,,-1,,2, -1,-1,1, -1, -1,2,, -1,1,0,1,30
202300025880,7,8,2023,19:45,1,033,33284,2,1,1,6,7 Avenue de la RÃ©publique,44.605847,-0.938331,3,3,-1,D,2,2,0,1,103,490,1,,7,1,0,1,50
202300025901,26,5,2023,19:10,1,033,33063,2,1,1,2,Rue Duffour Dubergier,44.83718,-0.57605,4,RUE DUFFOUR DUBERGIER,0,,2,3,3,1, -1, -1,1,, -1,1,-1,1,30
202300025906,26,5,2023,10:10,1,033,33281,2,3,7,3,Avenue LÃ©on Blum,44.85254,-0.64314,4,BLUM (AVE LEON),0,,2,2,2,1, -1, -1,1,, -1,1,5,1,50
202300025906,26,5,2023,10:10,1,033,33281,2,3,7,3,Avenue LÃ©on Blum,44.85254,-0.64314,4,RUE DU LIVEAU,0,,2,2,0,1, -1, -1,1,, -1,1,5,1,50
202300025911,26,5,2023,09:40,1,033,33069,2,3,1,3,Avenue d'Eysines,44.86206,-0.61585,4,AVE D'EYSINES CAUD,0,,2,2,0,1, -1, -1,1,, -1,1,0,1,50
202300025911,26,5,2023,09:40,1,033,33069,2,3,1,3,Avenue d'Eysines,44.86206,-0.61585,4,RUE RACINE,0,,2,2,0,1, -1, -1,1,, -1,1,0,1,50
202300025916,25,5,2023,08:40,1,033,33192,2,1,1,3,Avenue Favard,44.78612862,-0.60403615,4,AVE FAVARD,0,,2,2,2,1, -1, -1,1,, -1,1,0,1,50
202300025956,24,1,2023,00:10,5,033,33063,2,3,1,3,Cours d'Albret,44.83841029,-0.5817309,4,RUE CLAUDE BONNIER,0,,2,0,0,1, -1, -1,1,, -1,1,5,1,30
202300025956,24,1,2023,00:10,5,033,33063,2,3,1,3,Cours d'Albret,44.83841029,-0.5817309,4,RUE CLAUDE BONNIER,0,,2,2,2,1, -1, -1,1,, -1,1,5,1,30
202300025962,23,1,2023,17:00,2,033,33550,2,3,1,3,Rue Saint Bris,44.79231523,-0.56721479,4,RTE DE TOULOUSE,0,,2,2,0,1, -1, -1,1,, -1,1,0,1,50
202300025962,23,1,2023,17:00,2,033,33550,2,3,1,3,Rue Saint Bris,44.79231523,-0.56721479,4,RUE SAINT BRIS,0,,2,2,0,1, -1, -1,1,, -1,1,0,1,50
202300025998,5,8,2023,14:05,1,033,33003,1,1,1,3,AUTOROUTE A 10,44.93225,-0.46843,1,AUTOROUTE A 10,0,,3,6,0,1,536,700,1,,14,1,3,1,130
202300026008,2,8,2023,12:50,1,033,33487,1,1,2,4,AUTOROUTE A 10,44.95385559,-0.45651197,1,AUTOROUTE A 10,0,,3,6,0,3,534,1,1,, -1,2,2,1,130
202300026174,13,11,2023,15:15,1,033,33191,2,2,2,3,D1089,45.011166,0.026881,3,0,0,C,2,2,0,1, -1, -1,1,,7,2,5,1,50
202300026174,13,11,2023,15:15,1,033,33191,2,2,2,3,D1089,45.011166,0.026881,3,1089,0,D,2,2,0,1,0,500,1,,7,2,5,1,50
202300026247,9,3,2023,07:30,2,033,33085,1,1,1,3,Route des 2 Ponts,44.763967,-0.495125,3,10,-1,D,2,2,0,1,84,470,1,,7,2,0,1,80
202300026284,26,2,2023,11:45,1,033,33207,2,1,1,6,Rue de la Lande,44.91534,-0.362839,4,,-1,,-1,2,0,1, -1, -1,1,,4,1,0,8,50
202300026379,24,5,2023,09:00,1,033,33318,1,1,1,3,ROCADE A 630,44.79290911,-0.64932793,1,ROCADE A 630,0,,3,6,0,1,22,833,1,, -1,1,0,1,90
202300026399,14,11,2023,17:21,4,033,33075,1,1,2,5,ROCADE A 630,44.88998961,-0.613731,1,ROCADE A 630,0,,3,6,0,1,9,220,3,,10,2,0,1,90
202300026448,7,3,2023,17:00,1,033,33063,2,1,8,6,Rue Esprit-Des-Lois,44.84306,-0.57264,4,LOIS (RUE ESPRIT-DES),0,,1,1,2,2, -1, -1,1,, -1,2,-1,5,30
202300026449,7,3,2023,14:31,1,033,33039,1,1,2,5,A631,44.8193255,-0.53871095,4,A631,0,,-1,3,1,1, -1, -1,1,, -1,2,0,1,70
202300026454,5,3,2023,18:40,1,033,33249,2,2,1,3,Voie Ctre Cial Quatre Pavillons,44.86522,-0.51893,4,,-1,,-1, -1,-1,1, -1, -1,1,, -1,1,0,1,-1