Num_Acc,jour,mois,an,hrmn,lum,dep,com,agg,int,atm,col,adr,lat,long,catr,voie,v1,v2,circ,nbv,vosp,prof,pr,pr1,plan,lartpc,larrout,surf,infra,situ,vma
202300026454,5,3,2023,18:40,1,033,33249,2,2,1,3,Voie Ctre Cial Quatre Pavillons,44.86522,-0.51893,4,RUE JEAN ITEY,0,,-1, -1,0,1, -1, -1,1,, -1,1,0,1,30
202300026640,13,11,2023,23:50,5,033,33063,2,1,2,6,Quai des Chartrons,44.85307,-0.56699,4,QUAI DES CHARTRONS,0,,2,4,3,1, -1, -1,1,, -1,2,0,1,50
202300026642,13,11,2023,20:15,5,033,33063,2,8,2,6,CRS DE L'ARGONNE,44.82886,-0.57404,4,CRS DE L'ARGONNE,0,,2,3,3,1, -1, -1,1,, -1,2,4,1,30
202300026712,24,11,2023,16:45,1,033,33140,2,1,1,6,26 Boulevard Victor Hugo,44.77494028,-0.34604251,3,121E5,-1,,2,2,0,1,0,300,1,,"5,5",1,0,3,50
202300026783,9,9,2023,23:50,3,033,33073,1,1,1,7,43 Lieu Dit la Blanchetterie,45.236569,-0.591937,3,136,-1,D,2,2,0,1,4,500,1,,6,1,0,3,80
202300026803,18,12,2023,08:15,2,033,33487,1,1,5,4,AUTOROUTE A 10,44.95266,-0.45907,1,AUTOROUTE A 10,0,,3,6,0,2,534,599,2,,14,1,3,1,130
202300026805,18,12,2023,08:00,2,033,33550,1,1,5,3,ROCADE A 630,44.78318039,-0.54269135,1,ROCADE A 630,0,,3,6,1,1,32,106,1,,14,1,0,1,90
202300026867,17,12,2023,19:20,5,033,33063,2,1,1,6,RUE POURMANN,44.86798,-0.5505,4,RUE POURMANN,0,,1,1,0,1, -1, -1,1,, -1,1,0,1,30
202300026869,17,12,2023,18:48,5,033,33318,2,2,5,3,Avenue de Gradignan,44.79998,-0.6243,4,AVE DE GRADIGNAN,0,,2,4,0,1, -1, -1,1,, -1,2,0,1,50
202300026869,17,12,2023,18:48,5,033,33318,2,2,5,3,Avenue de Gradignan,44.79998,-0.6243,4,AVE RAYMOND POINCARE,0,,2,2,0,1, -1, -1,1,, -1,2,0,1,50
202300026886,9,9,2023,23:10,5,033,33063,2,1,1,1,Quai Deschamps,44.83406,-0.55106,4,QUAI DESCHAMPS,0,,3,2,0,1, -1, -1,1,, -1,1,8,1,50
202300026889,9,9,2023,03:00,3,033,33039,1,2,1,3,Rue du MarÃ©chal Foch,44.81128,-0.54913,4,AVE JULES GUESDE,0,,2,2,0,1, -1, -1,1,, -1,1,0,1,50
202300026889,9,9,2023,03:00,3,033,33039,1,2,1,3,Rue du MarÃ©chal Foch,44.81128,-0.54913,4,RUE DU MARECHAL FOCH,0,,2,2,0,2, -1, -1,1,, -1,1,0,1,50
202300026891,9,9,2023,01:30,5,033,33192,2,2,1,3,Cours du GÃ©nÃ©ral de Gaulle,44.77847,-0.60976,4,CRS DU GENERAL DE GAULLE,0,,2,2,0,1, -1, -1,1,, -1,1,5,1,50
202300026891,9,9,2023,01:30,5,033,33192,2,2,1,3,Cours du GÃ©nÃ©ral de Gaulle,44.77847,-0.60976,4,RUE DES FONTAINES DE MONJOUS,0,,2,2,0,1, -1, -1,1,, -1,1,5,1,50
202300026970,17,12,2023,06:54,4,033,33318,1,1,5,4,ROCADE A 630,44.78804,-0.63256,1,ROCADE A 630,0,,3,6,0,2,24,465,1,,14,1,3,1,90
202300026971,17,12,2023,05:30,4,033,33192,1,1,5,6,,44.78939041,-0.61813295,1,,0,,3,8,0,1,25,395,1,, -1,1,3,1,90
202300027015,29,6,2023,06:20,2,033,33192,1,1,1,7,ROCADE A 630,44.7883,-0.6004,1,ROCADE A 630,0,,3,8,0,1,27,0,1,,"17,5",1,0,1,90
202300027064,28,6,2023,18:30,1,033,33063,2,3,1,3,Rue AmÃ©dÃ©e Saint-Germain,44.82221,-0.55964,4,,-1,,2,2,3,1, -1, -1,1,, -1,1,0,1,-1
202300027064,28,6,2023,18:30,1,033,33063,2,3,1,3,Rue AmÃ©dÃ©e Saint-Germain,44.82221,-0.55964,4,RUE AMEDEE SAINT-GERMAIN,0,,1,1,0,1, -1, -1,1,, -1,1,0,1,50
202300027065,28,6,2023,18:30,1,033,33200,2,1,1,2,Avenue de Magudas,44.85839,-0.66781,4,AVE DE MAGUDAS,0,,3,4,1,1, -1, -1,1,, -1,1,0,1,50
202300027066,28,6,2023,07:45,1,033,33318,2,1,1,3,Avenue de CanÃ©jan,44.77977,-0.65987,4,CANEJAN (AVE DE),0,,1,1,0,1, -1, -1,1,, -1,1,0,1,30
202300027067,27,6,2023,07:47,1,033,33281,2,2,1,1,Avenue des FrÃ¨res Robinson,44.84724,-0.65808,4,AVE DES FRERES ROBINSON,0,,2,4,2,1, -1, -1,1,, -1,1,5,1,50
202300027067,27,6,2023,07:47,1,033,33281,2,2,1,1,Avenue des FrÃ¨res Robinson,44.84724,-0.65808,4,AVE DU CHUT,0,,3,2,2,1, -1, -1,1,, -1,1,5,1,50
202300027068,15,6,2023,12:55,1,033,33119,2,8,1,6,Avenue Jean JaurÃ¨s,44.85746053,-0.53184852,4,AVE JEAN JAURES,0,,2,3,1,1, -1, -1,1,, -1,1,4,6,50
202300027069,28,6,2023,16:09,1,033,33529,2,1,1,3,VULCAIN (RUE),44.61443,-1.1222,4,VULCAIN (RUE),0,,2,2,0,1, -1, -1,1,, -1,1,0,1,50
202300027160,18,6,2023,08:20,1,033,33284,2,1,1,2,79 Avenue de la LibÃ©ration,44.624106,-0.901997,4,D3,-1,,2,2,0,1, -1, -1,1,, -1,1,0,1,50
202300027260,11,10,2023,19:55,1,033,33249,1,1,1,3,ROCADE A 630,44.88441528,-0.51758856,1,ROCADE A 630,0,,3,1,0,1,1,414,3,, -1,1,0,1,50
202300027261,11,10,2023,17:05,1,033,33039,1,1,1,3,ROCADE A 630,44.79244728,-0.53999808,1,ROCADE A 630,0,,3,2,0,1,32,962,1,,14,1,0,1,90
202300027406,1,8,2023,11:00,1,033,33032,2,1,1,6,Rue du MarÃ©chal Foch,44.90193838,-0.50672561,4,RUE DU MARECHAL FOCH,0,,2,2,0,1, -1, -1,1,, -1,1,0,1,50
202300027435,17,4,2023,23:15,5,033,33063,2,1,1,1,Quai de Bacalan,44.8611,-0.55236,4,QUAI DE BACALAN,0,,4,4,3,1, -1, -1,1,, -1,1,0,1,30
202300027438,17,4,2023,22:15,5,033,33069,2,2,1,3,Rue Raymond PoincarÃ©,44.86243,-0.59011,4,AVE VICTOR HUGO,0,,2,2,0,1, -1, -1,1,, -1,1,5,1,30
202300027438,17,4,2023,22:15,5,033,33069,2,2,1,3,Rue Raymond PoincarÃ©,44.86243,-0.59011,4,RUE RAYMOND POINCARE,0,,2,2,0,1, -1, -1,1,, -1,1,5,1,30
202300027513,25,6,2023,20:50,1,033,33108,2,1,1,3,Avenue Camille Maumey,44.85439,-0.051332,3,936,-1,,2,2,0,1, -1, -1,1,,7,1,0,1,50
202300027615,17,4,2023,17:25,1,033,33484,2,3,1,3,Avenue du 8 Mai,44.43083,-0.494862,3,3,0,E,2,2,0,1,0,530,1,,7,1,0,1,50
202300027615,17,4,2023,17:25,1,033,33484,2,3,1,3,Avenue du 8 Mai,44.43083,-0.494862,3,,-1,,2, -1,0,1, -1, -1,1,, -1,1,0,1,30
202300027634,24,1,2023,17:50,5,033,33096,2,6,1,6,Rue du PrÃ©sident Allende,44.88839465,-0.51677316,4,,-1,,2, -1,-1,1, -1, -1,1,, -1,1,0,1,-1
202300027634,24,1,2023,17:50,5,033,33096,2,6,1,6,Rue du PrÃ©sident Allende,44.88839465,-0.51677316,4,,0,,2,2,2,1, -1, -1,3,,4,1,0,5,50
202300027649,24,1,2023,09:16,1,033,33075,1,1,1,2,ROCADE A 630,44.88334596,-0.62261045,1,ROCADE A 630,0,,3,4,0,1,10,0,1,, -1,1,8,1,70
202300027673,20,1,2023,20:05,5,033,33281,2,2,1,1,Avenue de Magudas,44.85617,-0.6463,4,AVE DE MAGUDAS,0,,2,2,2,1, -1, -1,1,, -1,1,5,1,30
202300027673,20,1,2023,20:05,5,033,33281,2,2,1,1,Avenue de Magudas,44.85617,-0.6463,4,FORET (AVE DE LA),0,,1,2,2,1, -1, -1,1,, -1,1,5,1,30
202300027746,23,1,2023,18:53,5,033,33318,2,4,1,1,Avenue de Bardanac,44.79516521,-0.61086237,4,BARDANAC (AVE DE),0,,2,2,0,1, -1, -1,2,, -1,1,0,1,50
202300027746,23,1,2023,18:53,5,033,33318,2,4,1,1,Avenue de Bardanac,44.79516521,-0.61086237,4,COMPOSTELLE (RUE DE),0,,2,2,0,1, -1, -1,2,, -1,1,0,1,50
202300027784,6,3,2023,20:10,5,033,33281,2,2,1,3,Avenue du Chut,44.84810941,-0.659751,4,AVE DU CHUT,0,,2,2,2,1, -1, -1,1,, -1,1,0,1,50
202300027784,6,3,2023,20:10,5,033,33281,2,2,1,3,Avenue du Chut,44.84810941,-0.659751,4,,-1,,2, -1,-1,1, -1, -1,1,, -1,1,0,1,-1
202300027806,22,1,2023,11:45,1,033,33069,2,1,1,3,Boulevard Godard,44.86278808,-0.5838713,4,BD GODARD,0,,3,4,3,1, -1, -1,1,, -1,1,0,1,50
202300027947,21,1,2023,19:00,3,033,33030,1,1,1,1,D1113,44.616317,-0.32091,3,1113,0,D,2,2,0,1,37,25,1,, -1,1,0,1,80
202300028001,6,3,2023,14:20,1,033,33314,1,1,1,5,route d'artigues,45.192653,-0.77091,3,,-1,,2,2,0,4,5,532,3,,4,1,1,1,80
202300028196,6,3,2023,10:30,1,033,33162,1,1,1,5,ROCADE A 630,44.87958419,-0.62763423,1,ROCADE A 630,0,,3,6,0,1,10,569,1,, -1,1,8,1,70
202300028247,25,5,2023,23:45,3,033,33366,1,1,1,6,D669,45.01034069,-0.46570416,3,669,0,,2,2,0,2,22,735,2,,6,1,0,3,80
202300028249,25,5,2023,19:00,1,033,33080,1,1,1,2,347 Avenue de Toulouse,44.756101,-0.552042,3,1113,-1,D,2,2,0,1,63,800,1,,7,1,0,1,70
202300028252,25,5,2023,09:45,1,033,33422,2,6,1,3,Avenue de Bordeaux,44.809571,-0.775051,3,106,-1,,3,2,0,1,16,500,2,, -1,1,5,6,50
202300028256,12,11,2023,18:35,5,033,33449,1,6,1,3,DÃ©viation du Taillan-MÃ©doc - D1215E1,44.90494514,-0.74586332,3,1215,-1,,2,2,0,1, -1, -1,1,, -1,1,0,1,70
202300028259,10,11,2023,22:14,5,033,33280,1,3,2,3,D937,45.1664,-0.617228,3,937,-1,,2,2,0,1,11,0,1,,"6,5",2,0,1,80
202300028259,10,11,2023,22:14,5,033,33280,1,3,2,3,D937,45.1664,-0.617228,3,,-1,,2, -1,-1,1, -1, -1,1,, -1,2,0,1,80
202300028278,5,3,2023,18:30,1,033,33063,2,3,1,3,Cours Victor Hugo,44.83496639,-0.57204679,4,HUGO (CRS VICTOR) (1-139) IMPAIRS,0,,3,4,3,1, -1, -1,1,, -1,1,-1,1,30
202300028278,5,3,2023,18:30,1,033,33063,2,3,1,3,Cours Victor Hugo,44.83496639,-0.57204679,4,,-1,,1,1,-1,1, -1, -1,1,, -1,1,6,1,-1
202300028282,13,11,2023,19:55,4,033,33281,1,1,1,6,ROCADE A 630,44.83649689,-0.67635655,1,ROCADE A 630,0,,3,6,0,1,16,816,1,, -1,1,0,1,90
202300028286,13,11,2023,18:01,2,033,33065,1,1,2,4,ROUTE NATIONALE 230,44.81128591,-0.52212685,2,ROUTE NATIONALE 230,0,,3,6,0,2,35,224,2,,14,2,0,1,90
202300028393,9,9,2023,11:40,1,033,33221,1,1,1,5,route de bordeaux,44.564866,0.041676,3,813,0,D,2,3,0,1,3,0,1,,"10,5",1,0,1,80
202300028478,24,5,2023,07:50,1,033,33063,2,2,1,3,Rue Beck,44.821,-0.55,4,RUE BECK,0,,2,2,2,1, -1, -1,1,, -1,1,8,1,50
202300028478,24,5,2023,07:50,1,033,33063,2,2,1,3,Rue Beck,44.821,-0.55,4,RUE DES MARAICHERS,0,,2,2,1,1, -1, -1,1,, -1,1,8,1,50
202300028540,10,9,2023,05:40,3,033,33002,1,1,1,6,A62,44.50386176,-0.03738999,1,62,-1,,3,4,0,1,55,100,1,,10,1,0,1,130
202300028607,13,11,2023,07:00,2,033,33076,1,1,1,1,D11,44.520232,-0.43588,3,11,0,D,2,2,0,1,43,878,1,, -1,2,0,1,80
202300028612,9,9,2023,16:55,1,033,33504,1,2,1,3,D8,44.526837,-0.325548,3,125,0,D,2,2,0,1,16,590,1,,"5,5",1,0,1,80
202300028612,9,9,2023,16:55,1,033,33504,1,2,1,3,D8,44.526837,-0.325548,3,8,-1,D,2,2,0,1,8,582,1,,"5,5",1,0,1,80
202300028642,9,9,2023,06:45,2,033,33550,1,1,1,2,ROCADE A 630,44.7822945,-0.58439165,1,ROCADE A 630,0,,3,6,0,1,29,106,1,,14,1,0,1,90
202300028698,16,12,2023,11:30,1,033,33063,2,4,1,2,BD DU PRESIDENT WILSON,44.84547,-0.59883,4,BD DU PRESIDENT WILSON,0,,3,4,3,1, -1, -1,1,, -1,1,0,1,50
202300028698,16,12,2023,11:30,1,033,33063,2,4,1,2,BD DU PRESIDENT WILSON,44.84547,-0.59883,4,,-1,,2,2,-1,1, -1, -1,1,, -1,1,0,1,30
202300028700,16,12,2023,03:00,5,033,33063,2,4,1,6,CRS DU XXX JUILLET,44.84319,-0.57432,4,CRS DU XXX JUILLET,0,,1,1,0,1, -1, -1,1,, -1,1,0,1,30
202300028700,16,12,2023,03:00,5,033,33063,2,4,1,6,CRS DU XXX JUILLET,44.84319,-0.57432,4,TOURNY (ALL DE),0,,1,1,0,1, -1, -1,1,, -1,1,0,1,30
202300028702,16,12,2023,19:00,5,033,33529,2,6,1,3,SAINT-EXUPERY (AVE),44.62652,-1.14141,3,SAINT-EXUPERY (AVE),0,,2,2,0,1,0,800,1,, -1,1,0,1,50
202300028781,12,12,2023,08:30,1,033,33108,2,1,1,6,Avenue Gambetta,44.85559469,-0.04147701,3,,-1,,2,2,0,1,0,0,1,, -1,2,0,1,50
202300028823,8,9,2023,18:50,1,033,33162,2,4,1,3,Avenue de Picot,44.88164014,-0.64222491,4,AVE DE PICOT,0,,2,2,3,1, -1, -1,1,, -1,1,5,1,50
202300028823,8,9,2023,18:50,1,033,33162,2,4,1,3,Avenue de Picot,44.88164014,-0.64222491,4,RUE DU ROUGE,0,,1,1,0,1, -1, -1,1,, -1,1,5,1,50
202300028825,8,9,2023,18:20,1,033,33063,2,1,1,6,Quai des Chartrons,44.85339,-0.56674,4,QUAI DES CHARTRONS,0,,2,4,3,1, -1, -1,1,, -1,1,0,1,50
202300028828,8,9,2023,07:59,1,033,33522,2,1,1,1,Rue FranÃ§ois Rabelais,44.79619,-0.59387,4,RUE FRANCOIS RABELAIS,0,,2,2,2,1, -1, -1,1,, -1,1,9,1,50
202300028855,16,12,2023,22:12,3,033,33075,1,1,1,2,ROCADE A 630,44.88864169,-0.59299618,1,ROCADE A 630,0,,3,6,0,1,7,420,1,, -1,1,0,1,90
202300029006,25,6,2023,02:39,3,033,33392,1,1,1,6,D10,44.600067,-0.291524,3,10,0,,2,2,0,1,111,700,2,,7,1,0,3,80
202300029015,27,6,2023,21:10,1,033,33289,2,1,1,1,2bis Avenue Jean-paul Glanet,44.650575,0.085388,3,668,0,D,2,2,0,1,7,20,2,,"5,5",1,0,1,70
202300029063,28,6,2023,11:30,1,033,33413,1,3,1,3,Route de la Souloire,44.84998693,-0.32750845,3,20,0,D,2,2,0,1, -1, -1,1,, -1,1,0,1,80
202300029063,28,6,2023,11:30,1,033,33413,1,3,1,3,Route de la Souloire,44.84998693,-0.32750845,3,,-1,,2,2,-1,1, -1, -1,2,, -1,6,0,1,80
202300029064,26,6,2023,12:10,1,033,33056,2,3,1,3,Rue Georges Guynemer,44.923845,-0.621768,4,,-1,,2,#VALEURMULTI,0,1, -1, -1,1,, -1,1,0,1,50
202300029074,27,6,2023,17:46,1,033,33162,1,1,1,3,ROCADE A 630,44.86237,-0.65703,1,ROCADE A 630,0,,3,6,0,1,13,513,1,, -1,1,3,1,90
202300029079,10,10,2023,17:15,1,033,33069,2,2,1,3,Boulevard Pierre 1er,44.85705,-0.59111,4,AVE DE TIVOLI,0,,2,2,0,1, -1, -1,1,, -1,1,5,1,50
202300029079,10,10,2023,17:15,1,033,33069,2,2,1,3,Boulevard Pierre 1er,44.85705,-0.59111,4,BD ALBERT 1ER,0,,2,4,0,1, -1, -1,1,, -1,1,5,1,50
202300029080,9,10,2023,19:15,1,033,33200,2,6,1,3,Rue Georges ClÃ©menceau,44.8778,-0.67713,4,RUE GEORGES CLEMENCEAU,0,,1,2,0,1, -1, -1,1,,4,1,5,1,30
202300029080,9,10,2023,19:15,1,033,33200,2,6,1,3,Rue Georges ClÃ©menceau,44.8778,-0.67713,4,RUE VICTOR HUGO,0,,2,2,0,1, -1, -1,1,,4,1,5,1,30
202300029081,9,10,2023,18:00,1,033,33063,2,3,1,3,Rue Lucien Faure,44.86199724,-0.55604607,4,RUE CHARLES DURAND,0,,1,1,0,1, -1, -1,1,, -1,1,0,1,50
202300029081,9,10,2023,18:00,1,033,33063,2,3,1,3,Rue Lucien Faure,44.86199724,-0.55604607,4,RUE LUCIEN FAURE,0,,2,6,3,1, -1, -1,1,, -1,1,5,1,50
202300029355,21,1,2023,06:40,5,033,33063,2,2,5,3,Quai de Bacalan,44.86007,-0.5541,4,BACALAN (QUAI DE),0,,4,6,3,1, -1, -1,1,, -1,1,5,1,50
202300029355,21,1,2023,06:40,5,033,33063,2,2,5,3,Quai de Bacalan,44.86007,-0.5541,4,RUE LUCIEN FAURE,0,,3,6,0,1, -1, -1,1,, -1,1,5,1,50
202300029357,1,8,2023,16:30,1,033,33063,1,1,1,3,ROCADE A 630,44.88289745,-0.55221319,1,ROCADE A 630,0,,3,6,0,2,4,119,1,, -1,1,2,1,70
202300029360,1,8,2023,16:10,1,033,33192,1,1,1,3,AUTOROUTE A 63,44.78307378,-0.63272238,1,AUTOROUTE A 63,0,,3,8,0,1,0,659,1,, -1,1,3,1,110
202300029362,19,7,2023,06:30,2,033,33281,1,1,1,2,ROCADE A 630,44.84384834,-0.67293942,1,ROCADE A 630,0,,1,2,0,1,16,0,2,, -1,1,3,1,50
202300029461,24,7,2023,11:30,1,033,33249,2,6,1,6,Rue des Amoureux,44.8735,-0.52876,4,RUE DES AMOUREUX,0,,3,2,0,1, -1, -1,3,, -1,1,5,4,30
202300029461,24,7,2023,11:30,1,033,33249,2,6,1,6,Rue des Amoureux,44.8735,-0.52876,4,RUE FINGUES,0,,2,2,0,1, -1, -1,1,, -1,1,0,8,50
202300029602,16,1,2023,16:05,1,033,33114,1,1,3,1,D18,45.088002,-0.384012,3,18,0,D,2,2,0,1, -1, -1,2,, -1,2,0,1,70
202300029604,19,1,2023,19:30,5,033,33005,2,2,1,3,Avenue Sophie Wallerstein,44.732219,-1.086965,4,,-1,,2,2,0,1, -1, -1,1,, -1,2,0,1,50
202300029604,19,1,2023,19:30,5,033,33005,2,2,1,3,Avenue Sophie Wallerstein,44.732219,-1.086965,4,,-1,,2,2,0,1, -1, -1,1,,4,2,0,1,50
202300029689,17,4,2023,08:00,1,033,33243,2,4,1,3,Route de Montagne,44.923404,-0.222763,3,244,0,D,2,2,0,1,1,650,3,,"5,5",1,5,1,50
202300029689,17,4,2023,08:00,1,033,33243,2,4,1,3,Route de Montagne,44.923404,-0.222763,3,,-1,,2, -1,-1,1, -1, -1,1,, -1,1,0,1,50
202300029692,15,4,2023,15:43,1,033,33052,2,6,1,7,3 Rue des Acacias,44.951689,-0.238164,3,,0,,2,2,0,1,55,440,2,,"5,5",1,0,1,50
202300029697,26,7,2023,16:00,1,033,33238,1,1,1,1,Avenue de Gradignan,44.745213,-0.618517,3,109,0,D,2,2,0,2,3,400,3,,7,1,0,1,80
202300029778,5,3,2023,03:20,4,033,33192,1,1,1,2,ROCADE A 630,44.78594,-0.59459,1,ROCADE A 630,0,,3,6,0,1,27,533,1,, -1,1,0,1,90
202300029800,15,4,2023,12:30,1,033,33529,2,1,1,3,rue Lagrua,44.64564,-1.15788,4,rue Lagrua,0,,2,2,1,1, -1, -1,1,, -1,1,0,5,30
202300029860,4,3,2023,23:40,5,033,33063,2,2,1,3,Avenue d'Ares,44.83651,-0.60116,4,AVE D'ARES CAUD,0,,1,2,2,2, -1, -1,1,, -1,1,5,1,50
202300029860,4,3,2023,23:40,5,033,33063,2,2,1,3,Avenue d'Ares,44.83651,-0.60116,4,RUE DE DOUMERC,0,,1,1,0,2, -1, -1,1,, -1,1,5,1,50
202300029864,4,3,2023,18:52,2,033,33063,2,2,1,3,Rue Bellus Mareilhac,44.85252863,-0.61693758,4,AVE LOUIS BARTHOU CAUD,0,,1,2,3,1, -1, -1,1,, -1,1,0,1,30
202300029864,4,3,2023,18:52,2,033,33063,2,2,1,3,Rue Bellus Mareilhac,44.85252863,-0.61693758,4,RUE BELLUS MAREILHAC CAUD,0,,2,2,0,1, -1, -1,1,, -1,1,0,1,30
202300029867,3,3,2023,05:30,5,033,33119,2,1,1,1,Rue FrÃ©dÃ©ric Joliot-Curie,44.85304,-0.53855,4,BD JOLIOT-CURIE,0,,2,6,3,2, -1, -1,1,, -1,1,0,1,50
202300029878,6,11,2023,13:44,1,033,33184,1,2,3,3,les forgettes,45.168635,-0.543593,3,134,0,D,2,2,0,1,13,200,1,,"4,5",2,0,1,80
202300029878,6,11,2023,13:44,1,033,33184,1,2,3,3,les forgettes,45.168635,-0.543593,3,252,-1,D,2,2,0,1,7,0,1,,5,2,0,1,70
202300029883,12,11,2023,18:35,5,033,33449,1,1,1,1,D1215,44.90657257,-0.746786,3,1215,-1,D,2,2,0,1, -1, -1,1,, -1,2,0,1,80
202300029915,12,11,2023,18:45,3,033,33448,1,1,2,2,AUTOROUTE A 62,44.71770432,-0.52012056,1,AUTOROUTE A 62,0,,3,4,0,1,6,699,1,, -1,2,0,1,130
202300029918,12,11,2023,18:10,4,033,33167,1,1,2,3,ROUTE NATIONALE 230,44.8224076,-0.51434577,2,ROUTE NATIONALE 230,0,,3,6,0,2,36,819,1,,14,2,0,1,90
202300029926,16,4,2023,10:40,1,033,33453,1,3,1,3,Saint Laurent,44.586311,0.08494,3,230,-1,D,2,2,0,1,43,899,1,, -1,1,0,1,80
202300029926,16,4,2023,10:40,1,033,33453,1,3,1,3,Saint Laurent,44.586311,0.08494,3,,-1,,2, -1,-1,2, -1, -1,1,, -1,1,0,1,80
202300030115,3,3,2023,19:15,5,033,33063,2,2,1,3,Rue Lucien Faure,44.86421,-0.55848,4,,-1,,1, -1,2,1, -1, -1,1,, -1,1,5,1,50
202300030115,3,3,2023,19:15,5,033,33063,2,2,1,3,Rue Lucien Faure,44.86421,-0.55848,4,RUE LUCIEN FAURE,0,,-1,6,3,1, -1, -1,1,, -1,1,5,1,50
202300030283,23,5,2023,19:40,1,033,33318,2,1,1,6,Avenue de la Forge,44.80191,-0.64545,4,AVE DE LA FORGE,0,,2,3,2,1, -1, -1,1,, -1,1,0,1,50
202300030285,22,5,2023,08:45,1,033,33281,2,1,1,6,Avenue des Eyquems,44.82685,-0.6159,4,AVE DES EYQUEMS,0,,1,1,2,2, -1, -1,3,, -1,1,0,3,30
202300030345,5,3,2023,03:40,3,033,33539,1,1,1,6,N89,44.880338,-0.306941,2,89,0,N,3,4,0,1,34,955,1,,10,1,0,3,110
202300030348,26,2,2023,18:15,1,033,33474,1,1,1,6,Rue de Lescourejolles,44.662163,-0.460846,4,,-1,,2,2,0,3, -1, -1,2,,4,1,0,1,70
202300030351,5,3,2023,16:15,1,033,33233,1,1,1,6,Piste DFCI n29,45.081476,-0.343344,4,29,0,,-1,1,0,1, -1, -1,1,, -1,9,9,1,30
202300030415,8,11,2023,01:15,5,033,33063,2,1,1,2,Quai de la Souys,44.83146,-0.546,4,QUAI DE LA SOUYS,0,,2,4,1,1, -1, -1,1,, -1,1,0,1,50
202300030467,27,6,2023,15:30,1,033,33550,1,1,1,2,ROCADE A 630,44.77917,-0.55174,1,ROCADE A 630,0,,3,6,0,1,31,370,1,,14,1,0,1,90
202300030469,27,6,2023,07:35,1,033,33397,1,1,1,3,AUTOROUTE A 10,44.91169,-0.48543,1,AUTOROUTE A 10,0,,3,6,0,1,539,400,1,, -1,1,0,1,110
202300030688,26,6,2023,18:25,1,033,33281,2,3,1,3,Chemin du Phare,44.8527,-0.69343,4,IMPASSE AMELIA EARHART,0,,2,2,1,1, -1, -1,1,, -1,1,0,1,50
202300030688,26,6,2023,18:25,1,033,33281,2,3,1,3,Chemin du Phare,44.8527,-0.69343,4,PHARE (CHEM DU),0,,2,2,0,1, -1, -1,1,, -1,1,0,1,50
202300030690,26,6,2023,18:20,1,033,33013,2,3,1,3,Avenue du Peyrou,44.86964,-0.49847,2,AVE DU PEYROU,0,,2,2,0,1, -1, -1,1,, -1,1,0,1,50
202300030690,26,6,2023,18:20,1,033,33013,2,3,1,3,Avenue du Peyrou,44.86964,-0.49847,2,,-1,,2, -1,0,1,49,500,1,, -1,1,0,1,50
202300030691,26,6,2023,17:30,1,033,33063,2,1,1,6,Boulevard George V,44.82537,-0.58947,4,Boulevard GEORGE V,0,,1,4,3,1, -1, -1,1,, -1,1,0,1,50
202300030694,26,6,2023,08:30,1,033,33550,2,2,1,3,Chemin du Pas de la CÃ´te,44.78209,-0.54013,4,CHEM DE GALGON,0,,2,2,0,1, -1, -1,1,, -1,1,5,1,50
202300030694,26,6,2023,08:30,1,033,33550,2,2,1,3,Chemin du Pas de la CÃ´te,44.78209,-0.54013,4,CHEM DU PAS DE LA COTE,0,,2,2,0,1, -1, -1,1,, -1,1,5,1,50
202300030697,25,6,2023,07:50,1,033,33063,2,1,1,7,Cours Victor Hugo,44.83579,-0.56756,4,HUGO (CRS VICTOR) (1-139) IMPAIRS,0,,3,4,3,2, -1, -1,1,, -1,1,9,1,30
202300030698,15,6,2023,14:10,1,033,33063,2,2,1,3,Rue Pelleport,44.82119,-0.5658,4,BEGLES (RUE DE),0,,2,2,0,1, -1, -1,1,, -1,1,5,1,30
202300030698,15,6,2023,14:10,1,033,33063,2,2,1,3,Rue Pelleport,44.82119,-0.5658,4,PELLEPORT (RUE ),0,,1,1,2,1, -1, -1,1,, -1,1,5,1,30
202300030714,15,12,2023,07:38,3,033,33554,1,1,1,6,Chemin du Loup,44.878529,-0.487025,4,,0,,2,2,0,1, -1, -1,4,, -1,2,0,3,50
202300030721,1,12,2023,13:00,1,033,33056,2,6,2,3,Avenue du GÃ©nÃ©ral de Gaulle,44.9352,-0.633881,4,2,0,,2,2,0,1, -1, -1,1,, -1,2,0,1,50
202300030721,1,12,2023,13:00,1,033,33056,2,6,2,3,Avenue du GÃ©nÃ©ral de Gaulle,44.9352,-0.633881,4,,-1,,2,2,-1,1, -1, -1,1,, -1,2,0,1,50
202300030726,9,9,2023,08:00,2,033,33266,1,1,1,7,8 Moulin Borgne,45.0547608,-0.3268902,3,18,-1,,3,2,0,1,40,150,1,,"5,5",1,0,3,70
202300030740,8,9,2023,18:00,1,033,33487,1,1,1,5,AUTOROUTE A 10,44.95380751,-0.45645565,1,AUTOROUTE A 10,0,,3,6,0,2,534,0,1,,14,1,2,1,130