Num_Acc,jour,mois,an,hrmn,lum,dep,com,agg,int,atm,col,adr,lat,long,catr,voie,v1,v2,circ,nbv,vosp,prof,pr,pr1,plan,lartpc,larrout,surf,infra,situ,vma
202300030742,8,9,2023,09:30,1,033,33039,1,1,1,4,ROCADE A 630,44.8044,-0.53186,1,ROCADE A 630,0,,3,6,0,1,34,117,1,,14,1,3,1,90
202300030744,15,12,2023,20:50,3,033,33487,1,1,1,4,AUTOROUTE A 10,44.94456648,-0.46581388,1,AUTOROUTE A 10,0,,3,6,0,1,535,299,1,, -1,1,0,1,130
202300030749,15,12,2023,17:50,3,033,33162,1,1,1,4,ROCADE A 630,44.87369,-0.63801,1,ROCADE A 630,0,,3,6,0,1,11,652,1,, -1,1,0,1,90
202300030757,15,12,2023,16:45,1,033,33063,1,1,1,4,ROCADE A 630,44.88327501,-0.55497855,1,ROCADE A 630,0,,3,6,0,4,4,500,1,, -1,1,2,1,70
202300030761,15,12,2023,01:15,5,033,33090,1,1,1,2,AUTOROUTE A 63,44.7772784,-0.64620316,1,AUTOROUTE A 63,0,,3,4,0,1,1,980,1,, -1,1,0,1,110
202300030897,24,6,2023,18:15,1,033,33090,2,1,1,3,45 avenue de la liberation,44.74644876,-0.64381599,3,D1010,-1,,2,2,0,1,57,933,1,, -1,1,0,1,50
202300030986,8,9,2023,02:00,5,033,33063,2,1,1,1,Rue des FrÃ¨res Portmann,44.86044967,-0.57786852,4,RUE DES FRERES PORTMANN,0,,2,2,1,1, -1, -1,1,, -1,1,0,1,30
202300030988,7,9,2023,18:40,1,033,33318,2,3,1,3,Avenue Pasteur,44.80224669,-0.65202087,4,AVE PASTEUR,0,,2,2,2,1, -1, -1,3,, -1,1,0,1,50
202300030988,7,9,2023,18:40,1,033,33318,2,3,1,3,Avenue Pasteur,44.80224669,-0.65202087,4,RUE DE LA BONNETTE,0,,2,2,0,1, -1, -1,1,, -1,1,0,1,50
202300031037,9,10,2023,08:46,1,033,33240,2,1,1,3,Avenue du Docteur Henry Benaben,45.296347,-0.929037,4,Sans,0,X,2,2,0,1, -1, -1,2,, -1,1,0,1,50
202300031042,9,10,2023,19:04,1,033,33063,1,1,1,3,ROCADE A 630,44.88376533,-0.55745155,1,ROCADE A 630,0,,2,6,0,1,4,723,1,, -1,1,0,1,50
202300031043,8,10,2023,19:00,1,033,33013,1,1,1,4,ROUTE NATIONALE 89,44.8687,-0.49812,2,ROUTE NATIONALE 89,0,,3,4,0,2,49,193,1,,10,1,3,1,90
202300031091,8,10,2023,00:19,5,033,33063,2,1,1,6,Quai Sainte-Croix,44.83318349,-0.56138366,4,QUAI SAINTE- CROIX,0,,3,4,0,1, -1, -1,1,, -1,1,0,1,50
202300031161,5,10,2023,22:31,5,033,33226,2,3,1,3,,44.70572876,-0.39987981,3,10,0,D,2,2,0,1,95,680,1,, -1,1,0,1,50
202300031161,5,10,2023,22:31,5,033,33226,2,3,1,3,,44.70572876,-0.39987981,3,,-1,,2, -1,-1,1, -1, -1,1,, -1,1,2,1,50
202300031308,20,1,2023,19:15,3,033,33397,1,1,1,5,AUTOROUTE A 10,44.910844,-0.486943,1,AUTOROUTE A 10,0,,3,6,0,3,539,600,3,, -1,1,3,1,110
202300031309,20,1,2023,18:40,3,033,33249,1,1,1,2,ROUTE NATIONALE 230,44.88532,-0.51021,2,ROUTE NATIONALE 230,0,,1,2,0,2,44,500,1,, -1,1,3,1,50
202300031310,20,1,2023,06:25,3,033,33162,1,1,2,7,ROCADE A 630,44.86722903,-0.64899534,1,ROCADE A 630,0,,3,6,0,1,12,770,1,, -1,2,0,1,90
202300031426,19,1,2023,17:00,2,033,33318,2,1,3,6,Avenue du GÃ©nÃ©ral Leclerc,44.79095,-0.67285,4,AVE DU GENERAL LECLERC,0,,2,2,2,1, -1, -1,1,, -1,2,0,1,50
202300031480,28,7,2023,23:45,3,033,33072,1,1,1,6,A 62,44.53190156,-0.177176,1,62,-1,,1,4,0,1,42,680,1,, -1,1,0,1,130
202300031511,30,7,2023,15:45,1,033,33550,1,1,1,4,ROCADE A 630,44.77847,-0.55431,1,ROCADE A 630,0,,3,6,0,1,31,399,1,,14,1,0,1,90
202300031512,30,7,2023,01:25,3,033,33162,1,1,1,6,ROCADE A 630,44.859293,-0.660958,1,ROCADE A 630,0,,3,6,0,2,13,700,3,, -1,1,3,1,50
202300031576,14,4,2023,23:00,5,033,33063,2,1,2,6,Rue Professeur Darget,44.8772,-0.55935,4,RUE PROFESSEUR DARGET,0,,2,2,0,1, -1, -1,2,, -1,2,9,4,30
202300031578,14,4,2023,11:20,1,033,33063,2,1,3,6,Avenue de MÃ©rignac,44.83857,-0.62444,4,MERIGNAC (AVENUE DE),0,,2,2,2,1, -1, -1,1,, -1,2,0,1,50
202300031582,29,7,2023,04:55,3,033,33009,2,1,1,6,COTE D'ARGENT (BD) DU 69 AU 263,44.64468,-1.19528,3,COTE D'ARGENT (BD) DU 69 AU 263,0,,-1,2,0,1,2,600,1,, -1,1,0,1,50
202300031590,4,3,2023,09:50,1,033,33249,1,1,1,6,ROUTE NATIONALE 230,44.87955251,-0.50989866,2,ROUTE NATIONALE 230,0,,1,2,0,2,43,750,2,, -1,1,3,1,70
202300031829,2,3,2023,23:25,5,033,33318,2,9,1,3,Avenue du Bourgailh,44.80388,-0.66266,1,AVE DU BOURGAILH,0,,1,3,0,1,20,950,3,, -1,1,3,1,50
202300031829,2,3,2023,23:25,5,033,33318,2,9,1,3,Avenue du Bourgailh,44.80388,-0.66266,1,,-1,,1,2,2,1, -1, -1,1,, -1,1,2,1,50
202300031834,2,3,2023,02:05,5,033,33063,2,2,1,3,Cours Aristide Briand,44.83202,-0.57786,4,BRIAND (CRS ARISTIDE),0,,2,2,0,1, -1, -1,1,, -1,1,5,1,30
202300031834,2,3,2023,02:05,5,033,33063,2,2,1,3,Cours Aristide Briand,44.83202,-0.57786,4,RUE JEAN BURGUET,0,,1,1,1,1, -1, -1,1,, -1,1,5,1,30
202300031838,28,2,2023,08:55,1,033,33162,2,1,1,1,Rue du Moulineau,44.87534,-0.6646,4,RUE DU MOULINEAU,0,,2,2,0,1, -1, -1,1,, -1,1,0,1,50
202300031850,22,5,2023,00:40,3,033,33013,1,9,2,6,ROUTE NATIONALE 89,44.86702245,-0.47627449,2,ROUTE NATIONALE 89,0,,3,4,0,4,47,959,1,, -1,2,0,1,110
202300031867,11,11,2023,13:30,1,033,33199,2,1,1,3,Avenue de CÃ©sarÃ©e,44.586547,-1.069032,4,,0,,1,1,0,1, -1, -1,1,, -1,1,0,1,50
202300031929,14,4,2023,17:45,1,033,33063,1,1,3,4,ROCADE A 630,44.88019,-0.53823,1,ROCADE A 630,0,,3,6,0,2,3,349,1,,14,2,2,1,70
202300031937,11,11,2023,19:40,5,033,33487,1,1,2,6,AUTOROUTE A 10,44.95230669,-0.45964479,1,AUTOROUTE A 10,0,,3,6,0,4,534,500,1,, -1,2,2,1,110
202300031944,11,11,2023,15:00,1,033,33039,1,1,2,4,ROCADE A 630,44.79584035,-0.5386278,1,ROCADE A 630,0,,3,6,0,1,33,200,1,, -1,2,0,1,90
202300031949,11,11,2023,04:15,4,033,33039,1,1,2,4,ROCADE A 630,44.79166805,-0.5404222,1,ROCADE A 630,0,,3,6,0,1,33,200,3,, -1,2,0,1,90
202300032264,10,11,2023,23:35,3,033,33550,2,3,1,3,CHEM DE COUHINS,44.76162,-0.56029,4,CHEM DE COUHINS,0,,2,2,1,1, -1, -1,1,, -1,1,0,1,50
202300032264,10,11,2023,23:35,3,033,33550,2,3,1,3,CHEM DE COUHINS,44.76162,-0.56029,4,,-1,,2,2,-1,1, -1, -1,1,, -1,1,0,1,50
202300032268,10,11,2023,15:00,1,033,33063,2,3,1,3,RUE CARTON CAUD,44.85945,-0.63137,4,AVE DU MAL DE LATTRE DE TASSIGNY CAUD.,0,,2,2,2,1, -1, -1,1,, -1,1,0,1,50
202300032268,10,11,2023,15:00,1,033,33063,2,3,1,3,RUE CARTON CAUD,44.85945,-0.63137,4,RUE CARTON CAUD,0,,2,2,0,1, -1, -1,1,, -1,1,0,1,30
202300032273,10,11,2023,15:00,1,033,33318,2,1,8,6,Rue Etienne Marcel,44.80671383,-0.63327357,4,RUE ETIENNE MARCEL,0,,2,2,0,1, -1, -1,1,, -1,1,0,1,30
202300032304,25,6,2023,21:40,1,033,33318,2,1,1,3,Avenue Antoine Becquerel,44.78747,-0.64558,4,BECQUEREL (AVE ANTOINE),0,,2,3,0,1, -1, -1,1,, -1,1,0,1,50
202300032357,14,12,2023,12:10,1,033,33063,2,7,1,6,PCE LUCIEN VICTOR MEUNIER,44.84362,-0.58668,4,PCE LUCIEN VICTOR MEUNIER,0,,2,2,0,1, -1, -1,1,, -1,1,9,1,50
202300032364,14,12,2023,07:40,3,033,33318,2,3,1,3,Avenue du MarÃ©chal de Lattre de Tassigny (rd),44.76858858,-0.71882038,3,AVE MAL DE LATTRE DE TASSIGNY,0,,2,2,0,1,14,787,1,, -1,2,0,1,50
202300032364,14,12,2023,07:40,3,033,33318,2,3,1,3,Avenue du MarÃ©chal de Lattre de Tassigny (rd),44.76858858,-0.71882038,3,RUE DU BLAYAIS,0,,2,2,0,1, -1, -1,1,, -1,2,0,1,50
202300032470,23,5,2023,10:45,1,033,33229,2,9,1,2,61 Avenue de la Liberation,44.706257,-1.045246,3,3,-1,,2,2,0,1,88,700,1,,"5,5",1,0,1,50
202300032482,26,6,2023,12:30,1,033,33205,1,2,1,3,pk 30 D11,44.62620963,-0.3692451,3,11,0,D,2,2,0,1,29,800,1,,4,1,0,1,80
202300032482,26,6,2023,12:30,1,033,33205,1,2,1,3,pk 30 D11,44.62620963,-0.3692451,3,117,0,D,2,2,0,1,15,500,1,,4,1,0,1,80
202300032644,24,6,2023,14:46,1,033,33422,1,1,1,3,Avenue de Pierroton,44.788856,-0.775373,3,211,0,D,2,2,0,1,33,500,1,,"5,5",1,0,1,80
202300032669,25,6,2023,18:05,1,033,33448,1,1,1,6,AUTOROUTE A 62,44.69585062,-0.49751759,1,AUTOROUTE A 62,0,,3,4,0,1,9,819,1,, -1,1,0,1,130
202300032785,5,9,2023,14:15,1,033,33192,1,1,1,2,ROCADE A 630,44.78986,-0.61239,1,ROCADE A 630,0,,3,6,0,1,26,0,1,,14,1,0,1,90
202300032793,14,12,2023,08:50,1,033,33238,2,1,1,6,15 Avenue de Gradignan,44.73056093,-0.60211703,3,109,0,D,2,2,0,1,6,0,1,,7,2,0,1,50
202300032801,13,12,2023,13:10,1,033,33013,1,1,2,3,RN 230,44.86839024,-0.50444307,2,ROUTE NATIONALE 230,0,,3,6,0,1,42,345,1,,14,2,0,1,90
202300032894,6,9,2023,13:45,1,033,33069,2,2,1,3,Boulevard Godard,44.86247253,-0.58469206,4,BD GODARD,0,,2,4,3,1, -1, -1,1,, -1,1,0,1,50
202300032894,6,9,2023,13:45,1,033,33069,2,2,1,3,Boulevard Godard,44.86247253,-0.58469206,4,PCE AMPERE,0,,2,2,0,1, -1, -1,1,, -1,1,0,1,50
202300032895,6,9,2023,07:50,1,033,33522,2,1,1,2,Cours de la LibÃ©ration,44.8031,-0.5932,4,CRS DE LA LIBERATION,0,,3,2,1,1, -1, -1,1,, -1,1,0,1,30
202300032983,6,10,2023,21:25,3,033,33435,1,1,1,5,D1113,44.570559,-0.216988,3,1113,-1,,2,2,0,1,24,650,1,,7,1,0,1,80
202300032993,8,10,2023,11:35,1,033,33550,1,1,1,2,ROCADE A 630,44.77910364,-0.55226684,1,ROCADE A 630,0,,3,6,0,1,31,500,1,, -1,1,0,1,90
202300033045,6,10,2023,17:20,1,033,33119,2,3,1,3,Avenue des Quatre Pavillons,44.86288,-0.51673,4,AVE DES QUATRE PAVILLONS,0,,2,2,0,1, -1, -1,1,, -1,1,0,1,30
202300033045,6,10,2023,17:20,1,033,33119,2,3,1,3,Avenue des Quatre Pavillons,44.86288,-0.51673,4,RUE GABRIEL FAURE,0,,2,2,0,1, -1, -1,1,, -1,1,0,1,30
202300033048,6,10,2023,18:20,1,033,33529,2,1,1,3,LECLERC (AVE DU GAL) DU 02 ET +,44.638822,-1.145904,3,LECLERC (AVE DU GAL) DU 02 ET +,0,,2,2,0,1,16,650,1,, -1,1,0,1,50
202300033109,19,1,2023,17:42,4,033,33487,1,1,3,2,AUTOROUTE A 10,44.95442,-0.45581,1,AUTOROUTE A 10,0,,3,6,0,2,534,90,2,, -1,2,2,1,130
202300033190,5,10,2023,17:10,1,033,33480,1,1,1,4,59 Lieu Dit les Grandes Versannes,44.884968,-0.199418,3,19,-1,,2,2,0,1,1,500,1,,"5,5",1,0,1,70
202300033221,18,1,2023,08:50,1,033,33318,2,5,8,3,Rue du Pin Vert,44.80948194,-0.62678665,4,AVE JEAN CORDIER,0,,2,2,2,1, -1, -1,1,, -1,1,5,1,30
202300033221,18,1,2023,08:50,1,033,33318,2,5,8,3,Rue du Pin Vert,44.80948194,-0.62678665,4,RUE DU PIN VERT,0,,2,2,0,1, -1, -1,2,, -1,1,5,1,50
202300033273,18,1,2023,19:25,5,033,33249,1,1,2,4,ROUTE NATIONALE 230,44.87836,-0.50928,2,ROUTE NATIONALE 230,0,,3,6,0,1,43,830,1,, -1,2,2,1,90
202300033274,18,1,2023,17:58,1,033,33397,1,1,4,2,AUTOROUTE A 10,44.922858,-0.474306,1,AUTOROUTE A 10,0,,3,6,0,1,537,900,1,, -1,2,0,1,130
202300033275,18,1,2023,09:35,1,033,33550,1,1,2,3,AUTOROUTE A 62,44.77258,-0.55556,1,AUTOROUTE A 62,0,,3,4,0,1,0,654,1,, -1,2,0,1,130
202300033398,27,7,2023,15:45,1,033,33032,1,6,1,3,Quai de Vial,44.91923963,-0.5438903,4,AVE DES GUERLANDES,0,,2,2,0,1, -1, -1,1,, -1,1,0,1,50
202300033398,27,7,2023,15:45,1,033,33032,1,6,1,3,Quai de Vial,44.91923963,-0.5438903,4,VIAL (QUAI DE),0,,2,2,0,1, -1, -1,1,, -1,1,0,1,50
202300033399,18,6,2023,14:20,1,033,33529,2,3,1,5,OCEAN (BD DE L'),44.634419,-1.202471,3,JAGUDE (AVE DE LA),0,,2,2,0,1, -1, -1,1,, -1,1,0,1,50
202300033399,18,6,2023,14:20,1,033,33529,2,3,1,5,OCEAN (BD DE L'),44.634419,-1.202471,3,OCEAN (BD DE L'),0,,2,2,0,1,4,112,1,, -1,1,0,1,50
202300033400,16,6,2023,19:00,1,033,33529,1,1,1,6,LIGNON (BD LOUIS),44.63350779,-1.18222386,3,LIGNON (BD LOUIS),0,,2,2,0,4,4,415,3,, -1,1,0,1,70
202300033466,28,7,2023,18:55,1,033,33040,2,1,1,1,D13,44.654718,-0.318636,3,13,-1,D,2,2,0,1,32,700,3,,"5,5",1,0,1,50
202300033479,7,7,2023,17:00,1,033,33108,2,4,1,2,Rue Michel de Montaigne,44.85431,-0.041848,3,936,0,,3,2,0,1,45,150,3,,4,1,0,1,50
202300033479,7,7,2023,17:00,1,033,33108,2,4,1,2,Rue Michel de Montaigne,44.85431,-0.041848,3,,-1,,1, -1,0,1, -1, -1,1,, -1,1,0,1,50
202300033629,21,5,2023,03:10,3,033,33281,2,1,1,6,Rue Armand Gayral,44.83506,-0.61858,4,RUE ARMAND GAYRAL,0,,1,1,2,2, -1, -1,1,, -1,1,0,1,30
202300033632,21,5,2023,01:57,5,033,33192,2,1,1,6,Rue Saint-FranÃ§ois Xavier,44.77591,-0.59135,4,RUE SAINT-FRANCOIS XAVIER,0,,2,2,1,1, -1, -1,3,, -1,1,0,8,30
202300033636,20,5,2023,18:30,1,033,33162,2,2,1,3,Rue AndrÃ© Blanc,44.8785,-0.6414,4,RUE ANDRE BLANC,0,,2,2,2,1, -1, -1,1,, -1,1,0,1,50
202300033636,20,5,2023,18:30,1,033,33162,2,2,1,3,Rue AndrÃ© Blanc,44.8785,-0.6414,4,RUE DU BLAHERAUT,0,,2,2,0,1, -1, -1,1,, -1,1,0,8,50
202300033639,21,5,2023,12:30,1,033,33529,2,1,1,6,SORE (RUE GILBERT),44.63169,-1.15095,6,SORE (RUE GILBERT),0,,-1, -1,0,1, -1, -1,1,, -1,1,9,1,30
202300033694,13,4,2023,16:22,1,033,33541,1,2,2,3,D1215,45.41550825,-1.0351342,3,1E4,-1,,2,2,0,1,19,927,1,, -1,2,5,1,80
202300033694,13,4,2023,16:22,1,033,33541,1,2,2,3,D1215,45.41550825,-1.0351342,3,D1215,-1,,2,2,0,1,78,65,1,, -1,2,0,1,80
202300033716,1,3,2023,19:05,5,033,33063,2,1,1,3,Avenue d'Ares,44.83864,-0.62031,4,AVE D'ARES CAUD,0,,2,2,1,1, -1, -1,1,, -1,1,0,5,50
202300033720,1,3,2023,15:00,1,033,33119,2,1,1,2,Boulevard Entre Deux Mers,44.84631425,-0.53611189,4,BD ENTRE DEUX MERS,0,,3,6,0,2, -1, -1,1,, -1,1,0,1,50
202300033722,10,11,2023,16:20,1,033,33550,1,1,1,3,ROCADE A 630,44.77784958,-0.55851638,1,ROCADE A 630,0,,3,6,0,1,31,292,1,, -1,1,0,1,90
202300033725,28,2,2023,15:20,1,033,33069,2,3,1,3,Avenue de la LibÃ©ration Charles de Gaulle,44.85999,-0.59924,4,AVE DE LA LIBERATION-CH. DE GAULLE,0,,1,3,3,1, -1, -1,1,, -1,1,0,6,30
202300033725,28,2,2023,15:20,1,033,33069,2,3,1,3,Avenue de la LibÃ©ration Charles de Gaulle,44.85999,-0.59924,4,RUE PASTEUR,0,,1,1,0,1, -1, -1,1,, -1,1,0,1,30
202300033784,13,4,2023,23:00,5,033,33234,1,6,3,3,Route de Cadillac,44.77963673,-0.49587607,3,10,-1,,2,2,0,1,82,750,1,, -1,2,5,1,80
202300033784,13,4,2023,23:00,5,033,33234,1,6,3,3,Route de Cadillac,44.77963673,-0.49587607,3,,-1,,2,2,-1,1,30,250,1,, -1,2,5,1,80
202300033810,19,5,2023,16:15,1,033,33485,1,4,1,3,1 Route de Merlande,44.827493,-0.134325,3,670,-1,,2,2,0,1,34,340,3,,"5,5",1,5,3,80
202300033810,19,5,2023,16:15,1,033,33485,1,4,1,3,1 Route de Merlande,44.827493,-0.134325,3,,-1,,1,1,-1,1, -1, -1,1,, -1,1,0,3,80
202300033833,25,6,2023,01:50,5,033,33063,2,1,1,6,Quai Sainte-Croix,44.83355504,-0.56169748,4,QUAI SAINTE- CROIX,0,,3,7,0,1, -1, -1,1,, -1,1,6,8,50
202300033837,24,6,2023,18:15,1,033,33167,2,1,1,6,Rue LÃ©o Lagrange,44.83322,-0.53118,4,RUE LEO LAGRANGE,0,,2,2,0,1, -1, -1,1,, -1,1,0,1,50
202300033868,13,4,2023,13:50,1,033,33550,1,1,1,6,AUTOROUTE A 62,44.77144,-0.55537,1,AUTOROUTE A 62,0,,3,4,0,1,0,699,1,, -1,2,0,3,130
202300033902,25,2,2023,14:15,1,033,33308,2,1,1,7,Lieu Dit Mourisset,44.657275,-0.284899,4,,-1,,2,2,0,2, -1, -1,1,,4,1,0,1,50
202300034036,28,2,2023,09:45,1,033,33014,1,1,1,5,D1089,44.984626,-0.14249,3,1089,-1,,2,2,0,1,15,850,1,, -1,1,0,1,-1
202300034041,2,2,2023,16:15,1,033,33362,2,2,1,6,D910 Le canton,45.028643,-0.183254,3,910,-1,D,2,2,0,1,7,588,1,, -1,1,0,1,50
202300034041,2,2,2023,16:15,1,033,33362,2,2,1,6,D910 Le canton,45.028643,-0.183254,3,,-1,,2,2,-1,1,0,960,1,, -1,1,0,1,50
202300034078,2,3,2023,21:35,5,033,33192,1,1,1,3,ROCADE A 630,44.78996,-0.60669,1,ROCADE A 630,0,,3,6,0,1,26,482,2,, -1,1,2,1,90
202300034082,2,3,2023,09:36,1,033,33013,1,1,1,2,ROUTE NATIONALE 89,44.86853,-0.4971,2,ROUTE NATIONALE 89,0,,3,4,0,1,49,599,1,, -1,1,0,1,90
202300034087,1,3,2023,12:15,1,033,33249,1,1,1,2,ROCADE A 630,44.8736,-0.50697,1,ROCADE A 630,0,,3,6,0,1,43,0,1,, -1,1,0,1,90
202300034147,12,4,2023,20:30,1,033,33522,2,3,1,2,Avenue Roul,44.80792,-0.60347,4,AVE PREVOST,0,,2,3,0,1, -1, -1,1,, -1,1,0,1,50
202300034147,12,4,2023,20:30,1,033,33522,2,3,1,2,Avenue Roul,44.80792,-0.60347,4,AVE ROUL,0,,3,5,1,1, -1, -1,1,, -1,1,0,1,50
202300034153,12,4,2023,10:50,1,033,33550,2,6,2,3,Rue de la Croix de Monjous,44.77948,-0.58797,4,ALL DE CHANTELOISEAU,0,,2,2,0,1, -1, -1,1,, -1,2,0,1,50
202300034153,12,4,2023,10:50,1,033,33550,2,6,2,3,Rue de la Croix de Monjous,44.77948,-0.58797,4,RUE DE LA CROIX DE MONJOUS,0,,2,2,0,2, -1, -1,1,, -1,2,0,1,50
202300034175,24,6,2023,14:57,1,033,33540,1,2,7,3,D101,45.372014,-1.078158,3,101,0,D,2,2,0,1,17,850,1,,"5,5",1,0,1,80
202300034175,24,6,2023,14:57,1,033,33540,1,2,7,3,D101,45.372014,-1.078158,3,,-1,,-1, -1,0,1, -1, -1,1,, -1,9,0,1,-1
202300034314,28,2,2023,06:30,5,033,33281,2,3,1,1,Rue Paul Dukas,44.82696,-0.66417,4,AVE DE L'ALOUETTE,0,,2,3,2,1, -1, -1,1,, -1,1,0,1,50
202300034314,28,2,2023,06:30,5,033,33281,2,3,1,1,Rue Paul Dukas,44.82696,-0.66417,4,RUE PAUL DUKAS,0,,2,2,0,1, -1, -1,1,, -1,1,0,1,30
202300034334,24,6,2023,18:40,1,033,33214,1,3,1,5,Mejos-Ouest,44.976149,-1.046823,3,5E3,-1,D,2,2,0,1,8,1,1,,"5,5",1,0,1,70
202300034334,24,6,2023,18:40,1,033,33214,1,3,1,5,Mejos-Ouest,44.976149,-1.046823,3,6,0,D,2,2,0,1,41,69,1,, -1,1,0,1,70
202300034382,12,4,2023,15:25,1,033,33507,1,2,1,3,RD12 lieu dit broustey,44.393818,-0.196788,3,D12E1,-1,,2,2,0,1, -1, -1,1,,4,1,5,1,80
202300034382,12,4,2023,15:25,1,033,33507,1,2,1,3,RD12 lieu dit broustey,44.393818,-0.196788,3,RD12,-1,,2,2,0,1, -1, -1,1,,4,1,5,1,80
202300034384,2,4,2023,02:00,3,033,33232,1,1,1,6,RD10E15 lieu dit queyran,44.260107,-0.100626,3,RD12,-1,,2,2,0,1,6,600,1,, -1,1,0,1,80
202300034385,24,6,2023,23:30,3,033,33018,1,1,1,6,D10,45.01242,-0.356112,3,10,0,,2,2,0,1,34,735,2,,"5,5",1,0,3,80
202300034388,23,6,2023,15:00,1,033,33433,1,1,1,3,D242,44.919691,-0.441714,3,242,0,D,2,2,0,4,3,0,1,,7,1,2,1,80
202300034417,24,6,2023,21:25,1,033,33550,1,1,1,6,ROCADE A 630,44.78334,-0.58777,1,ROCADE A 630,0,,3,6,0,1,28,370,1,,14,1,0,1,90
202300034515,13,12,2023,19:00,3,033,33529,2,1,3,2,RD 1250 (BONNEVAL -LA HUME) - STADE,44.61325167,-1.15080178,2,RD 1250 (BONNEVAL -LA HUME) - STADE,0,,2,2,0,1,42,897,1,,4,2,0,1,80
202300034586,13,12,2023,23:30,3,033,33138,1,1,2,6,les Grands Rois,45.0283659,-0.06288707,3,10,0,D,2,2,0,1,8,483,2,, -1,2,0,3,80
202300034627,1,9,2023,18:30,1,033,33080,1,1,1,6,3700 Avenue de Toulouse,44.729975,-0.531413,3,1113,-1,,2,2,0,1,60,470,1,,7,1,0,3,80
202300034628,29,8,2023,12:19,1,033,33422,1,1,1,1,D213,44.81787318,-0.853149,3,213,0,D,2,2,0,1,20,200,1,,6,1,0,1,80
202300034694,12,12,2023,13:32,1,033,33063,1,1,2,6,ROCADE A 630,44.88523,-0.56193,1,ROCADE A 630,0,,1,2,0,1,5,100,3,,14,2,3,1,30
202300034775,6,9,2023,00:40,4,033,33039,2,3,1,3,Quai du PrÃ©sident Wilson,44.81919613,-0.53867877,4,QUAI DU PRESIDENT WILSON,0,,2,2,0,1, -1, -1,1,, -1,1,0,1,50
202300034775,6,9,2023,00:40,4,033,33039,2,3,1,3,Quai du PrÃ©sident Wilson,44.81919613,-0.53867877,4,RUE PAULY,0,,1,1,0,1, -1, -1,1,, -1,1,0,1,50
202300034846,12,12,2023,18:14,5,033,33318,2,1,2,6,Avenue du MarÃ©chal Juin,44.79428,-0.62905,4,AVE DU MARECHAL JUIN,0,,2,2,0,1, -1, -1,1,, -1,2,0,8,50
202300034847,12,12,2023,08:50,1,033,33063,2,1,2,6,BD MARECHAL LECLERC,44.83132572,-0.57473838,4,BD MARECHAL LECLERC,0,,3,3,3,1, -1, -1,1,, -1,2,0,1,50
202300034848,11,12,2023,19:01,5,033,33281,2,3,1,3,Rue du Jard,44.8518,-0.6371,4,AVENUE LEON BLUM,-1,,2,2,-1,1, -1, -1,1,, -1,2,-1,1,-1
202300034848,11,12,2023,19:01,5,033,33281,2,3,1,3,Rue du Jard,44.8518,-0.6371,4,RUE DU JARD,0,,2,2,0,1, -1, -1,1,, -1,2,0,1,30
202300034849,10,12,2023,15:15,1,033,33167,2,1,2,6,Avenue de Branne,44.84382742,-0.52277997,4,VOIE PENETRANTE EST,0,,3,6,0,2, -1, -1,2,, -1,2,0,3,70
202300035000,17,1,2023,19:55,5,033,33318,2,9,3,6,Rue Paulin de Nole,44.79323,-0.61399,4,RUE PAULIN DE NOLE,0,,2,2,0,1, -1, -1,1,, -1,2,0,1,50
202300035003,16,1,2023,23:05,5,033,33281,2,6,2,1,Avenue FranÃ§ois Mitterrand,44.81206,-0.69836,4,Avenue Francois Mitterand,0,,2,3,1,1, -1, -1,1,, -1,2,5,1,50
202300035003,16,1,2023,23:05,5,033,33281,2,6,2,1,Avenue FranÃ§ois Mitterrand,44.81206,-0.69836,4,Chemin de Pagneau,0,,2,2,1,1, -1, -1,1,, -1,2,-1,1,50
202300035039,6,10,2023,20:33,5,033,33192,2,3,1,3,Cours du GÃ©nÃ©ral de Gaulle,44.78393,-0.60662,4,GAULLE (CRS DU GENERAL DE),0,,2,2,0,1, -1, -1,1,, -1,1,0,1,50
202300035039,6,10,2023,20:33,5,033,33192,2,3,1,3,Cours du GÃ©nÃ©ral de Gaulle,44.78393,-0.60662,4,RUE DU PROFESSEUR VILLEMIN,0,,2,2,0,1, -1, -1,1,, -1,1,0,1,50
202300035041,5,10,2023,18:35,1,033,33063,2,8,1,6,Quai de Bacalan,44.85828,-0.55829,4,QUAI DE BACALAN,0,,2,4,3,1, -1, -1,1,, -1,1,4,6,25
202300035126,16,1,2023,08:50,1,033,33318,2,1,2,3,Avenue Gustave Eiffel,44.78607,-0.6401,4,AVE GUSTAVE EIFFEL,0,,2,4,1,1, -1, -1,1,, -1,2,0,1,50
202300035189,17,1,2023,08:20,1,033,33487,1,1,2,4,AUTOROUTE A10,44.939219,-0.466734,1,AUTOROUTE A10,0,,3,6,0,1,536,0,1,, -1,2,0,1,130
202300035190,16,1,2023,18:15,4,033,33119,1,1,2,4,ROUTE NATIONALE 230,44.851668,-0.504715,2,ROUTE NATIONALE 230,0,,3,6,0,1,40,500,1,, -1,2,0,1,70