Num_Acc,jour,mois,an,hrmn,lum,dep,com,agg,int,atm,col,adr,lat,long,catr,voie,v1,v2,circ,nbv,vosp,prof,pr,pr1,plan,lartpc,larrout,surf,infra,situ,vma
202300035251,30,5,2023,17:20,1,033,33535,2,1,1,6,Avenue du Desclaud,44.845334,-0.470395,3,241,3,E,2,2,0,1,3,700,1,, -1,1,9,1,30
202300035370,27,7,2023,07:45,1,033,33063,2,1,1,3,Avenue des Trois Cardinaux,44.88762116,-0.55184519,4,AVE DES TROIS CARDINAUX,0,,2,2,0,1, -1, -1,1,, -1,1,0,1,50
202300035371,26,7,2023,19:50,1,033,33013,2,1,1,3,Avenue de Virecourt,44.85397,-0.50095,4,AVE DE VIRECOURT,0,,2,2,0,2, -1, -1,2,, -1,1,0,1,50
202300035435,20,5,2023,13:35,1,033,33529,1,1,1,4,RD 1250 (Camicas - Sortie Dune),44.61823,-1.12965,2,RD 1250 (Camicas - Sortie Dune),0,,2,2,0,1,41,125,1,, -1,1,0,1,80
202300035444,9,11,2023,09:39,1,033,33550,1,1,2,3,ROCADE A 630,44.78178047,-0.58327585,1,ROCADE A 630,0,,3,6,0,1,29,229,1,,14,2,0,1,90
202300035618,8,11,2023,22:51,5,033,33063,2,1,8,1,Pont de Pierre,44.83853201,-0.56261212,4,PONT DE PIERRE,0,,2,2,3,1, -1, -1,1,, -1,2,0,1,50
202300035623,8,11,2023,18:45,5,033,33162,2,8,3,3,Avenue Jean Mermoz,44.85828,-0.66625,4,AVE JEAN MERMOZ,0,,2,3,0,1, -1, -1,1,, -1,2,4,1,50
202300035623,8,11,2023,18:45,5,033,33162,2,8,3,3,Avenue Jean Mermoz,44.85828,-0.66625,4,MAGUDAS (AVE DE),0,,2,4,3,1, -1, -1,1,, -1,2,4,1,50
202300035630,8,11,2023,19:50,5,033,33063,2,2,2,3,Rue Georges Bonnac,44.83875137,-0.58921024,4,BONNAC (RUE GEORGES),0,,1,1,2,1, -1, -1,1,, -1,2,0,1,50
202300035630,8,11,2023,19:50,5,033,33063,2,2,2,3,Rue Georges Bonnac,44.83875137,-0.58921024,4,RUE CHAUFFOUR,0,,1,1,0,1, -1, -1,1,, -1,2,0,1,50
202300035635,8,11,2023,18:36,5,033,33281,2,6,2,6,Avenue de l'Yser,44.84131,-0.65072,4,AVE DE L'YSER,0,,2,2,0,1, -1, -1,1,, -1,2,0,1,50
202300035635,8,11,2023,18:36,5,033,33281,2,6,2,6,Avenue de l'Yser,44.84131,-0.65072,4,RUE FREDERIC JOLIOT-CURIE,0,,2,2,0,2, -1, -1,1,, -1,2,0,1,50
202300035655,12,4,2023,17:39,1,033,33249,1,1,1,4,ROUTE NATIONALE 230,44.87231,-0.50595,2,ROUTE NATIONALE 230,0,,1,3,0,1,42,728,1,, -1,1,3,1,90
202300035723,20,5,2023,11:15,1,033,33261,1,1,1,6,Lieu Dit Lessert,44.949336,-0.08902,4,8,-1,,2,2,3,4, -1, -1,2,, -1,1,0,3,70
202300035912,27,2,2023,10:40,1,033,33063,2,1,1,4,Boulevard Godard,44.86157,-0.58688,4,BD GODARD,0,,2,4,3,1, -1, -1,1,, -1,1,0,1,50
202300036010,11,4,2023,08:30,1,033,33318,2,6,1,2,Avenue de CanÃ©jan,44.79315,-0.64589,4,AVE DE CANEJAN,0,,3,2,1,1, -1, -1,1,, -1,1,0,1,50
202300036010,11,4,2023,08:30,1,033,33318,2,6,1,2,Avenue de CanÃ©jan,44.79315,-0.64589,4,,-1,,2, -1,-1,1, -1, -1,1,, -1,1,0,1,-1
202300036061,19,5,2023,16:50,1,033,33328,1,2,1,3,D121e4,44.929849,-0.213724,3,121E4,-1,,2,2,0,1,1,75,1,,4,1,0,1,50
202300036061,19,5,2023,16:50,1,033,33328,1,2,1,3,D121e4,44.929849,-0.213724,3,,-1,,2, -1,-1,1, -1, -1,1,, -1,1,0,1,50
202300036100,22,6,2023,09:25,1,033,33234,2,1,2,3,RD113,44.794032,-0.510266,3,RD113,0,D,2,2,0,1,28,85,1,,7,2,0,1,50
202300036134,8,11,2023,22:45,3,033,33330,1,1,1,2,ROUTE NATIONALE 89,44.86973829,-0.44120461,2,ROUTE NATIONALE 89,0,,3,4,0,1,44,849,1,, -1,1,0,1,90
202300036140,7,11,2023,08:25,1,033,33192,1,1,2,2,ROCADE A 630,44.79016427,-0.61090797,1,ROCADE A 630,0,,3,6,0,1,26,159,1,, -1,2,0,1,90
202300036154,10,4,2023,15:10,1,033,33075,2,1,1,5,Avenue des 4 Ponts,44.89467748,-0.61566192,4,AVE DES 4 PONTS,0,,2,2,0,1, -1, -1,1,, -1,1,0,1,50
202300036195,23,6,2023,07:40,1,033,33487,1,1,1,4,AUTOROUTE A 10,44.95422003,-0.45603991,1,AUTOROUTE A 10,0,,3,6,0,2,534,0,1,,14,1,2,1,130
202300036213,1,3,2023,07:35,1,033,33051,2,9,1,2,27 Avenue de la CÃ´te d?Argent,44.633876,-0.976974,3,,-1,,2,2,1,1,2,80,1,, -1,1,0,1,50
202300036227,28,2,2023,12:03,1,033,33192,1,1,1,2,AUTOROUTE A 63,44.77911379,-0.64139128,1,,0,,3,6,0,1,1,618,1,, -1,1,0,1,110
202300036295,3,4,2023,08:30,1,033,33352,2,3,1,3,1 Chemin de Blasignon,44.586085,-0.035845,4,670,-1,D,2,2,0,2, -1, -1,1,, -1,1,0,1,50
202300036295,3,4,2023,08:30,1,033,33352,2,3,1,3,1 Chemin de Blasignon,44.586085,-0.035845,4,,-1,,2,2,0,2, -1, -1,1,, -1,1,0,1,50
202300036315,7,4,2023,11:50,1,033,33236,2,1,1,3,171 Avenue de Bordeaux,44.700714,-1.229863,3,106,0,D,2,2,0,1,59,500,1,,"5,5",1,0,1,30
202300036396,1,9,2023,17:10,1,033,33352,2,1,1,6,RD 670,44.59070276,-0.03284365,3,670,-1,,2,2,0,1,65,500,1,,7,1,0,3,50
202300036397,11,4,2023,18:20,1,033,33192,1,1,1,3,ROCADE A 630,44.78965,-0.61534,1,ROCADE A 630,0,,3,6,0,1,25,620,1,,14,1,0,1,90
202300036409,27,2,2023,06:55,5,033,33249,1,1,1,3,ROCADE A 630,44.88474216,-0.51442623,1,ROCADE A 630,0,,3,6,0,1,0,439,1,, -1,1,0,1,90
202300036478,4,9,2023,19:05,1,033,33509,1,1,1,6,D138,44.99800567,-0.23300081,3,138,0,E,2,2,0,1,0,431,2,,4,1,0,3,80
202300036479,4,9,2023,18:05,1,033,33494,1,1,1,1,D6,44.949158,-0.852556,3,6,-1,,2,2,0,1,25,500,1,,7,1,0,1,80
202300036480,26,8,2023,18:00,1,033,33422,2,1,1,1,Avenue du Las,44.80716801,-0.79261422,3,106,0,,2,2,0,1,18,0,1,,3,1,0,1,50
202300036544,4,9,2023,07:30,1,033,33039,2,2,1,3,Route de Toulouse,44.78765,-0.56656,4,RUE ALEXIS LABRO,0,,2,2,0,4, -1, -1,2,, -1,1,5,1,50
202300036544,4,9,2023,07:30,1,033,33039,2,2,1,3,Route de Toulouse,44.78765,-0.56656,4,TOULOUSE (RTE DE),0,,2,2,0,1, -1, -1,1,, -1,1,5,1,50
202300036681,12,12,2023,20:50,5,033,33249,1,1,1,2,ROUTE NATIONALE 230,44.8780675,-0.50915033,2,ROUTE NATIONALE 230,0,,3,6,0,1,43,500,1,, -1,2,0,1,90
202300036813,6,10,2023,15:42,1,033,33063,1,1,1,4,ROCADE A 630,44.8832294,-0.55410415,1,ROCADE A 630,0,,2,6,0,2,4,423,1,, -1,1,2,1,70
202300036814,6,10,2023,11:45,1,033,33096,1,1,1,2,AUTOROUTE A 10,44.90207391,-0.49383223,1,AUTOROUTE A 10,0,,3,6,0,1,540,700,1,, -1,1,0,1,110
202300036815,6,10,2023,06:45,5,033,33397,1,1,1,2,AUTOROUTE A 10,44.91657931,-0.47785699,1,AUTOROUTE A 10,0,,3,6,0,1,538,599,3,, -1,1,0,1,110
202300036974,5,10,2023,22:10,5,033,33192,2,3,1,2,Cours du GÃ©nÃ©ral de Gaulle,44.78403,-0.60642,4,CRS DU GENERAL DE GAULLE,0,,2,4,1,1, -1, -1,1,, -1,1,0,1,50
202300036974,5,10,2023,22:10,5,033,33192,2,3,1,2,Cours du GÃ©nÃ©ral de Gaulle,44.78403,-0.60642,4,RUE DU PROFESSEUR VILLEMIN,0,,2,2,0,1, -1, -1,1,, -1,1,0,1,50
202300036975,5,10,2023,16:05,1,033,33249,2,3,1,3,Avenue des Champs,44.88249,-0.52616,4,CHAMPS (AVE DES),0,,2,2,0,2, -1, -1,1,, -1,1,0,1,30
202300036975,5,10,2023,16:05,1,033,33249,2,3,1,3,Avenue des Champs,44.88249,-0.52616,4,RUE JACQUES THIBAUD,0,,1,1,0,1, -1, -1,1,, -1,1,0,1,30
202300036976,5,10,2023,11:35,1,033,33063,2,1,1,6,Rue EugÃ¨ne Tenot,44.81941044,-0.5744192,4,RUE EUGENE TENOT,0,,1,1,2,1, -1, -1,1,, -1,1,0,1,30
202300036979,5,10,2023,16:20,1,033,33529,2,1,7,3,rue Lagrua,44.6406917,-1.15573972,4,rue Lagrua,0,,2,2,0,1, -1, -1,1,, -1,1,0,1,50
202300036980,5,10,2023,08:00,1,033,33529,1,1,1,3,RD 1250 (CAMICAS-OUSTALET),44.64816,-1.15807,3,RD 1250 (CAMICAS-OUSTALET),0,,2,2,0,1, -1, -1,1,,7,1,0,1,50
202300037051,16,1,2023,07:10,3,033,33439,1,1,6,6,au caillou,45.11946991,-0.40840387,3,18,0,D,2,2,0,1,28,288,1,, -1,2,0,1,80
202300037135,14,1,2023,08:45,1,033,33013,1,3,1,3,Rocade Rive Droite - Ech24,44.84274,-0.49997,2,D936,0,,3,4,0,1, -1, -1,1,, -1,1,5,1,50
202300037135,14,1,2023,08:45,1,033,33013,1,3,1,3,Rocade Rive Droite - Ech24,44.84274,-0.49997,2,N230,0,,1,2,0,1,39,500,1,, -1,1,3,1,50
202300037220,27,7,2023,18:00,1,033,33397,1,1,1,2,AUTOROUTE A 10,44.91477,-0.47965,1,AUTOROUTE A 10,0,,3,6,0,1,539,99,1,,14,1,0,1,110
202300037221,27,7,2023,10:35,1,033,33487,1,1,1,2,AUTOROUTE A 10,44.9526104,-0.45934439,1,AUTOROUTE A 10,0,,3,6,0,2,534,400,1,,14,1,2,1,130
202300037222,26,7,2023,23:20,5,033,33550,1,1,1,3,ROCADE A 630,44.7785,-0.5548,1,ROCADE A 630,0,,3,6,0,1,31,360,1,,14,1,0,1,90
202300037314,26,7,2023,13:50,1,033,33327,2,8,3,3,Cours Georges ClÃ©menceau,44.650296,-0.360821,3,1111,-1,,2,2,0,1,7,100,1,,4,2,4,1,50
202300037314,26,7,2023,13:50,1,033,33327,2,8,3,3,Cours Georges ClÃ©menceau,44.650296,-0.360821,3,,-1,,-1, -1,0,1, -1, -1,1,, -1,2,4,1,-1
202300037325,26,7,2023,07:20,1,033,33235,1,1,1,3,Lieu Dit Montarasse RD655,44.391679,-0.103356,3,655,-1,,2,2,0,1,11,60,1,,7,1,0,1,80
202300037427,21,6,2023,22:50,5,033,33063,2,1,2,3,Quai Louis XVIII,44.84473,-0.57065,4,QUAI LOUIS XVIII,0,,1,6,3,1, -1, -1,1,, -1,2,0,1,30
202300037428,21,6,2023,18:35,1,033,33281,2,6,1,3,Avenue RenÃ© Cassin,44.83391,-0.69234,3,AVE ROLAND GARROS,0,,2,5,1,1, -1, -1,2,, -1,1,9,1,50
202300037428,21,6,2023,18:35,1,033,33281,2,6,1,3,Avenue RenÃ© Cassin,44.83391,-0.69234,3,CASSIN (AVE RENE),0,,2,3,0,1, -1, -1,2,, -1,1,9,1,50
202300037429,15,6,2023,18:30,1,033,33063,2,2,1,3,Place AmÃ©lie Raba LÃ©on,44.830471,-0.60287207,4,PCE AMELIE RABA LEON,0,,1,1,1,1, -1, -1,1,, -1,1,5,1,50
202300037429,15,6,2023,18:30,1,033,33063,2,2,1,3,Place AmÃ©lie Raba LÃ©on,44.830471,-0.60287207,4,POMPIDOU (BD GEORGES),0,,1,2,0,1, -1, -1,2,, -1,1,5,1,50
202300037625,18,5,2023,18:45,1,033,33200,2,4,1,1,Rue Colbert,44.87842,-0.67834,4,RUE COLBERT,0,,2,2,0,1, -1, -1,3,, -1,1,0,1,50
202300037625,18,5,2023,18:45,1,033,33200,2,4,1,1,Rue Colbert,44.87842,-0.67834,4,RUE DE BERNEDE,0,,2,2,0,1, -1, -1,3,, -1,1,0,1,50
202300037627,7,11,2023,18:30,5,033,33522,2,2,2,3,Rue du GÃ©nÃ©ral Bordas,44.8008726,-0.58676273,4,RUE DU GENERAL BORDAS,0,,1,1,0,1, -1, -1,1,, -1,2,0,1,50
202300037627,7,11,2023,18:30,5,033,33522,2,2,2,3,Rue du GÃ©nÃ©ral Bordas,44.8008726,-0.58676273,4,RUE DU GENERAL CHANZY,0,,2,2,0,1, -1, -1,1,, -1,2,0,1,50
202300037630,7,11,2023,16:30,1,033,33192,2,1,8,6,RUE DES FONTAINES DE MONJOUS,44.77682,-0.60584,4,RUE DES FONTAINES DE MONJOUS,0,,2,2,1,1, -1, -1,1,, -1,1,0,1,30
202300037633,6,11,2023,15:50,1,033,33119,2,1,2,6,Avenue Jean JaurÃ¨s,44.8556698,-0.53493708,4,JAURES (AVE JEAN),0,,2,4,3,1, -1, -1,1,, -1,2,0,1,30
202300037637,19,8,2023,20:10,1,033,33249,2,2,1,3,Rue Joachim du Bellay,44.8735,-0.51496,4,,-1,,2, -1,-1,1, -1, -1,1,, -1,1,0,1,30
202300037637,19,8,2023,20:10,1,033,33249,2,2,1,3,Rue Joachim du Bellay,44.8735,-0.51496,4,RUE JOACHIM DU BELLAY,0,,2,2,0,1, -1, -1,1,, -1,1,0,1,30
202300037834,25,2,2023,13:35,1,033,33249,2,1,1,6,Avenue du Pdt Salvador Allende,44.8673697,-0.52202493,4,AVE DU PDT SALVADOR ALLENDE,0,,3,2,0,1, -1, -1,1,, -1,1,0,1,30
202300037838,25,2,2023,09:40,1,033,33167,2,1,1,2,Rue Raoul Dufy,44.84217,-0.52077,4,RUE RAOUL DUFY,0,,2,2,0,1, -1, -1,1,, -1,1,0,1,30
202300037894,17,5,2023,20:10,1,033,33165,2,1,1,6,11 Lotissement la Galerie,44.822963,-0.445905,4,,0,,1,2,0,1, -1, -1,2,,5,1,0,8,30
202300038029,26,2,2023,19:05,1,033,33063,1,1,1,2,ROCADE A 630,44.88180277,-0.5469346,1,ROCADE A 630,0,,3,6,1,2,3,880,1,, -1,1,2,1,70
202300038031,7,11,2023,07:55,5,033,33249,1,1,2,7,ROUTE NATIONALE 230,44.87248188,-0.50612748,2,ROUTE NATIONALE 230,0,,3,6,0,1,42,799,1,,14,2,0,1,90
202300038035,7,11,2023,07:25,5,033,33096,1,1,2,3,AUTOROUTE A10,44.89221,-0.50099,1,AUTOROUTE A10,0,,3,6,0,1,542,0,1,, -1,2,0,1,90
202300038042,6,11,2023,15:05,1,033,33122,1,1,1,5,AUTOROUTE A 63,44.7433,-0.70623,1,AUTOROUTE A 63,0,,3,4,0,1,8,0,1,,10,2,0,1,110
202300038046,5,11,2023,23:15,5,033,33249,1,9,2,2,ROCADE A 630,44.8788759,-0.52812159,1,ROCADE A 630,0,,3,6,0,2,2,267,1,,14,2,2,1,70
202300038209,25,2,2023,20:30,3,033,33448,1,1,1,2,,44.71236239,-0.5156064,1,AUTOROUTE A 62,0,,3,4,0,1,7,400,1,, -1,1,0,1,130
202300038290,8,4,2023,19:45,1,033,33529,1,9,1,3,rue Pierre et Marie CURIE,44.61249,-1.11552,4,PARC DES EXPOSITIONS (Ave du),0,,2,2,0,1, -1, -1,1,, -1,1,0,1,50
202300038475,9,4,2023,16:00,1,033,33369,1,1,1,6,,44.81111085,0.21842837,3,,-1,,2,2,0,2,3,550,3,,"5,5",1,0,3,80
202300038478,7,4,2023,18:45,1,033,33402,2,1,1,6,Avenue de la Gare,44.83705,0.221529,6,,-1,,-1, -1,0,1, -1, -1,1,, -1,1,0,8,50
202300038534,10,12,2023,22:48,5,033,33281,2,1,2,1,AVE FRANCOIS MITTERRAND,44.82428,-0.63305,4,AVE FRANCOIS MITTERRAND,0,,2,2,0,1, -1, -1,2,,4,2,0,1,50
202300038536,9,12,2023,15:50,1,033,33039,2,1,3,7,Boulevard Jean-Jacques Bosc,44.81342082,-0.55531114,4,CITE SNCF/BD JEAN JACQUES BOSC,0,,2,4,3,2, -1, -1,1,, -1,2,0,1,50
202300038602,3,9,2023,15:00,1,033,33249,1,1,1,2,AUTOROUTE A 10,44.88809,-0.50534,1,AUTOROUTE A 10,0,,3,6,0,1,542,599,1,,14,1,0,1,90
202300038603,2,9,2023,21:50,5,033,33550,1,1,2,6,ROCADE A 630,44.78294178,-0.54284424,1,ROCADE A 630,0,,3,6,0,2,32,104,3,,"17,5",2,0,1,90
202300038608,9,12,2023,17:25,1,033,33169,1,3,2,3,D12,44.571714,-0.043012,3,12,0,D,-1,2,0,1,1,160,1,,"5,5",2,0,1,80
202300038608,9,12,2023,17:25,1,033,33169,1,3,2,3,D12,44.571714,-0.043012,3,,0,,2,2,0,1, -1, -1,1,,"5,5",2,0,1,80
202300038668,3,9,2023,07:30,2,033,33009,2,2,8,3,PLAGE (BD DE LA) DU 196 ET +,44.66262,-1.17414,3,LEGALLAIS (RUE FRANCOIS),0,,2,2,0,1, -1, -1,1,, -1,2,0,1,50
202300038668,3,9,2023,07:30,2,033,33009,2,2,8,3,PLAGE (BD DE LA) DU 196 ET +,44.66262,-1.17414,3,PLAGE (BD DE LA) DU 196 ET +,0,,1,1,0,1,21,574,1,, -1,2,0,1,50
202300038723,10,12,2023,10:00,1,033,33063,1,1,2,6,ROCADE A 630,44.8857405,-0.56277573,1,ROCADE A 630,0,,1,2,0,1,5,0,3,,14,2,3,1,50
202300038745,1,10,2023,15:00,1,033,33424,1,1,1,6,RD101,45.160147,-0.845947,3,101,-1,,2,2,0,1,49,150,1,,4,1,0,3,80
202300038747,6,10,2023,13:30,1,033,33252,2,1,1,1,22 Route de CrÃ©on,44.80562,-0.393405,3,671,-1,,2,2,0,1,3,0,1,,7,1,0,1,50
202300038859,5,10,2023,19:00,2,033,33056,1,3,1,3,Avenue du GÃ©nÃ©ral de Gaulle,44.898991,-0.639846,4,2,0,,2,2,0,1, -1, -1,1,, -1,1,5,1,50
202300038859,5,10,2023,19:00,2,033,33056,1,3,1,3,Avenue du GÃ©nÃ©ral de Gaulle,44.898991,-0.639846,4,,-1,,2,2,0,1, -1, -1,1,, -1,1,5,1,-1
202300038865,4,10,2023,18:50,1,033,33550,1,1,1,6,ROCADE A 630,44.78111032,-0.58014303,1,ROCADE A 630,0,,3,6,0,1,29,500,1,, -1,1,0,1,90
202300038953,11,1,2023,16:00,2,033,33063,2,1,7,3,Pont Saint-Jean,44.83403,-0.55241,4,PONT SAINT JEAN,0,,2,4,2,2, -1, -1,1,, -1,1,8,1,50
202300038956,13,1,2023,08:10,3,033,33529,1,2,9,3,EIFFEL (RUE GUSTAVE) DU 243 ET +,44.6104,-1.1236,4,DASSAULT (RUE MARCEL),0,,2,2,0,1, -1, -1,1,, -1,2,0,1,50
202300038956,13,1,2023,08:10,3,033,33529,1,2,9,3,EIFFEL (RUE GUSTAVE) DU 243 ET +,44.6104,-1.1236,4,EIFFEL (RUE GUSTAVE) DU 243 ET +,0,,2,2,0,1, -1, -1,1,, -1,2,0,1,50
202300039098,26,7,2023,12:55,1,033,33167,1,1,1,2,ROUTE NATIONALE 230,44.84447782,-0.50203845,2,ROUTE NATIONALE 230,0,,3,6,0,1,39,600,1,,14,1,0,1,90
202300039099,26,7,2023,12:15,1,033,33143,1,1,1,2,AUTOROUTE A 10,44.9552,-0.45376,1,AUTOROUTE A 10,0,,3,6,0,2,533,599,1,, -1,1,2,1,130
202300039100,15,6,2023,19:10,1,033,33063,1,1,1,3,,44.88303999,-0.55369788,1,ROCADE A 630,0,,3,6,0,2,4,349,1,, -1,1,2,1,70
202300039143,25,7,2023,19:00,1,033,33550,2,3,1,3,Avenue Pierre Proudhon,44.78656602,-0.58647788,4,AVE PIERRE PROUDHON,0,,2,2,1,1, -1, -1,1,, -1,1,9,1,50
202300039143,25,7,2023,19:00,1,033,33550,2,3,1,3,Avenue Pierre Proudhon,44.78656602,-0.58647788,4,,-1,,1,1,0,1, -1, -1,1,, -1,1,0,1,50
202300039144,25,7,2023,08:31,1,033,33200,2,2,1,3,Rue Joliot Curie,44.87814732,-0.67655236,4,RUE JOLIOT-CURIE,0,,2,3,1,1, -1, -1,1,, -1,1,0,1,30
202300039144,25,7,2023,08:31,1,033,33200,2,2,1,3,Rue Joliot Curie,44.87814732,-0.67655236,4,RUE VICTOR HUGO,0,,2,2,1,1, -1, -1,1,, -1,1,0,1,30
202300039145,23,7,2023,18:49,1,033,33318,2,3,1,6,Rue des Fuchsias,44.79198,-0.63074,4,FUCHSIAS (RUE DES),0,,2,2,0,1, -1, -1,1,, -1,1,0,1,30
202300039145,23,7,2023,18:49,1,033,33318,2,3,1,6,Rue des Fuchsias,44.79198,-0.63074,4,PCE DU THEATRE DE VERDURE,0,,2,2,0,1, -1, -1,1,, -1,1,0,1,30
202300039146,25,7,2023,09:55,1,033,33529,2,3,1,3,LAGRUA (RUE),44.63890917,-1.15416795,4,DIAPASON (RUE DU),0,,2,2,0,1, -1, -1,1,, -1,1,0,5,50
202300039146,25,7,2023,09:55,1,033,33529,2,3,1,3,LAGRUA (RUE),44.63890917,-1.15416795,4,LAGRUA (RUE),0,,2,3,2,1, -1, -1,1,, -1,1,0,5,50
202300039233,24,7,2023,16:20,1,033,33284,1,1,1,6,rue des quatre routes,44.65366018,-0.85285395,3,D216,0,,2,2,0,1,0,33,1,, -1,1,0,1,50
202300039240,24,7,2023,13:40,1,033,33249,1,1,1,2,ROUTE NATIONALE 230,44.88116419,-0.5108428,2,ROUTE NATIONALE 230,0,,3,8,0,1,43,850,1,,"13,5",1,0,1,90
202300039294,23,6,2023,15:30,1,033,33203,1,3,1,3,ROUTE DÃPARTEMENTALE 3,45.139135,-1.045214,3,3,0,D,2,2,0,1,33,600,1,,"5,5",1,0,1,80
202300039294,23,6,2023,15:30,1,033,33203,1,3,1,3,ROUTE DÃPARTEMENTALE 3,45.139135,-1.045214,3,,-1,,2, -1,-1,1, -1, -1,1,, -1,1,0,1,80
202300039315,22,6,2023,17:30,1,033,33318,1,1,1,2,AUTOROUTE A 63,44.78488,-0.62959,1,AUTOROUTE A 63,0,,3,4,0,1,1,700,1,,14,1,0,1,110
202300039374,19,6,2023,09:30,1,033,33162,2,3,1,6,Rue du College Technique,44.88383,-0.62965,4,,-1,,2, -1,-1,1, -1, -1,1,, -1,1,0,4,-1
202300039374,19,6,2023,09:30,1,033,33162,2,3,1,6,Rue du College Technique,44.88383,-0.62965,4,RUE DU COLLEGE TECHNIQUE,0,,2,2,0,2, -1, -1,1,, -1,1,0,4,50
202300039375,15,6,2023,06:10,1,033,33063,2,1,1,6,Rue de Pessac,44.82936,-0.58215,4,PESSAC (RUE DE),0,,1,1,1,1, -1, -1,1,, -1,1,0,1,50
202300039485,21,6,2023,01:15,3,033,33216,1,1,2,7,D 125,44.472823,-0.159431,3,125,0,,2,2,0,2,34,0,3,,4,2,0,3,80
202300039547,17,5,2023,20:30,1,033,33063,2,3,1,3,Cours Victor Hugo,44.8350057,-0.57206422,4,,0,,2,4,3,1, -1, -1,1,, -1,1,0,1,50
202300039547,17,5,2023,20:30,1,033,33063,2,3,1,3,Cours Victor Hugo,44.8350057,-0.57206422,4,RICHEMONT (PCE DE LA FERME DE),0,,1,1,0,1, -1, -1,1,, -1,1,6,1,50
202300039652,5,11,2023,19:00,5,033,33550,1,1,2,4,AUTOROUTE A 62,44.77454424,-0.55640146,1,AUTOROUTE A 62,0,,3,4,0,1,0,500,1,, -1,2,3,1,70
202300039702,17,5,2023,14:55,1,033,33518,1,1,1,1,72 Route FranÃ§ois Mauriac,44.713103,-0.412253,3,10,0,D,2,2,0,1,94,250,1,,7,1,0,1,70
202300039757,18,5,2023,08:30,1,033,33527,1,1,1,1,D650e1,44.619242,-1.023756,3,650,-1,E,2,2,0,1,1,529,4,,"5,5",1,0,1,80
202300039771,24,2,2023,13:55,1,033,33063,2,2,1,3,Rue Bertrand de Goth,44.81902,-0.57676,4,RUE BERTRAND DE GOTH,0,,1,1,2,1, -1, -1,1,, -1,1,0,1,50
202300039771,24,2,2023,13:55,1,033,33063,2,2,1,3,Rue Bertrand de Goth,44.81902,-0.57676,4,RUE EUGENE TENOT,0,,1,2,1,1, -1, -1,1,, -1,1,0,1,50
202300039791,17,5,2023,19:20,1,033,33192,1,1,1,2,ROCADE A 630,44.7854,-0.5937,1,ROCADE A 630,0,,3,6,0,1,27,620,1,,14,1,0,1,90
202300039793,5,11,2023,19:00,5,033,33529,2,1,1,6,SAINT-EXUPERY (AVE),44.62477356,-1.14095405,3,SAINT-EXUPERY (AVE),0,,2,2,0,1,1,0,1,, -1,2,0,1,50
202300039796,5,11,2023,13:20,1,033,33529,1,1,8,6,RD 1250 (CAMICAS-OUSTALET),44.644916,-1.158186,3,RD 1250 (CAMICAS-OUSTALET),0,,2,2,0,1,47,0,1,, -1,2,0,8,90
202300039923,16,5,2023,20:30,1,033,33063,2,1,7,6,Avenue du MarÃ©chal de Lattre de Tassigny,44.85845,-0.62402,4,AVE DU MAL DE LATTRE DE TASSIGNY CAUD.,0,,1,1,0,1, -1, -1,1,, -1,1,8,1,30
202300039925,16,5,2023,17:30,1,033,33063,2,1,1,3,Rue Achard,44.86997,-0.54754,4,ACHARD (RUE ),0,,1,1,3,1, -1, -1,1,, -1,1,0,4,30
202300039928,16,5,2023,15:30,1,033,33318,2,2,1,6,Avenue du Pont de l'Orient,44.80543688,-0.64913884,4,AVE DE MADRAN,0,,2,3,2,1, -1, -1,1,, -1,1,5,8,50
202300039928,16,5,2023,15:30,1,033,33318,2,2,1,6,Avenue du Pont de l'Orient,44.80543688,-0.64913884,4,AVE DU PONT DE L'ORIENT,0,,2,3,2,1, -1, -1,1,, -1,1,5,4,50
202300039931,14,5,2023,19:00,1,033,33063,2,2,1,2,Cours de l'Yser,44.82697,-0.56921,4,CRS DE L'YSER,0,,2,1,0,1, -1, -1,1,, -1,1,5,1,50
202300039931,14,5,2023,19:00,1,033,33063,2,2,1,2,Cours de l'Yser,44.82697,-0.56921,4,RUE LAFONTAINE,0,,1,1,0,1, -1, -1,1,, -1,1,5,1,50
202300039973,24,2,2023,20:15,3,033,33433,1,1,1,6,Chemin de l'Esventat,44.91072263,-0.45266837,4,,0,,2,0,0,1, -1, -1,1,,0,1,0,1,50
202300040087,23,2,2023,11:10,1,033,33529,2,2,2,3,INDUSTRIE (BD DE L') DU 01 ET +,44.61449,-1.12746,4,INDUSTRIE (BD DE L') DU 01 ET +,0,,2,2,0,1, -1, -1,1,, -1,2,0,1,50
202300040087,23,2,2023,11:10,1,033,33529,2,2,2,3,INDUSTRIE (BD DE L') DU 01 ET +,44.61449,-1.12746,4,SECARY (RUE DE),0,,2,2,0,1, -1, -1,1,, -1,2,0,1,50
202300040129,7,4,2023,16:15,1,033,33063,2,3,1,3,Rue Fondaudege,44.84952,-0.5847,4,FONDAUDEGE (RUE ),0,,1,3,3,1, -1, -1,1,, -1,1,0,6,30
202300040129,7,4,2023,16:15,1,033,33063,2,3,1,3,Rue Fondaudege,44.84952,-0.5847,4,RUE MALLERET,0,,1,1,0,1, -1, -1,1,, -1,1,0,1,50