Num_Acc,jour,mois,an,hrmn,lum,dep,com,agg,int,atm,col,adr,lat,long,catr,voie,v1,v2,circ,nbv,vosp,prof,pr,pr1,plan,lartpc,larrout,surf,infra,situ,vma
202300040162,2,9,2023,21:05,5,033,33063,2,1,3,6,Avenue de Nontraste,44.87723121,-0.56818843,4,AVE DE NONTRASTE,0,,2,2,0,1, -1, -1,1,, -1,2,0,1,50
202300040164,2,9,2023,18:30,1,033,33069,2,2,1,3,Boulevard Pierre 1er,44.8570806,-0.59114277,4,BD PIERRE 1ER,0,,3,4,3,1, -1, -1,1,, -1,1,5,1,50
202300040164,2,9,2023,18:30,1,033,33069,2,2,1,3,Boulevard Pierre 1er,44.8570806,-0.59114277,4,,-1,,2,2,-1,1, -1, -1,1,, -1,1,5,1,50
202300040308,9,12,2023,14:55,1,033,33167,2,2,3,3,Rue du Mascaret,44.82834,-0.53018,4,GUESDE (RUE JULES),0,,2,2,0,1, -1, -1,1,, -1,2,9,1,30
202300040308,9,12,2023,14:55,1,033,33167,2,2,3,3,Rue du Mascaret,44.82834,-0.53018,4,RUE EMILE COMBES,0,,2,2,0,1, -1, -1,1,, -1,2,9,1,30
202300040312,9,12,2023,10:10,1,033,33063,2,2,1,3,Boulevard Albert Brandenburg,44.87594,-0.54833,4,BRANDENBURG (BD ALBERT),0,,2,2,2,1, -1, -1,1,, -1,2,0,1,50
202300040312,9,12,2023,10:10,1,033,33063,2,2,1,3,Boulevard Albert Brandenburg,44.87594,-0.54833,4,RUE BLANQUI,0,,2,2,0,1, -1, -1,1,, -1,2,0,1,50
202300040334,7,4,2023,22:36,5,033,33192,2,2,1,5,Cours du GÃ©nÃ©ral de Gaulle,44.790567,-0.605168,1,CRS DE LA LIBERATION,0,,3,7,1,1, -1, -1,1,, -1,1,5,1,50
202300040334,7,4,2023,22:36,5,033,33192,2,2,1,5,Cours du GÃ©nÃ©ral de Gaulle,44.790567,-0.605168,1,SORTIE ROCADE N° 16,0,,1,2,0,3,26,800,2,, -1,1,3,1,90
202300040338,7,4,2023,18:30,1,033,33281,2,1,1,3,Rue Roland DorgelÃ¨s,44.84383,-0.65362,4,RUE ROLAND DORGELES,0,,3,2,2,1, -1, -1,1,, -1,1,0,1,30
202300040358,28,8,2023,07:30,1,033,33498,2,1,1,6,Chemin d'Arnautille,44.55609,-0.914322,3,216,-1,,2,2,0,1,5,700,1,,4,1,0,3,50
202300040383,2,9,2023,00:35,3,033,33162,1,9,3,3,ROCADE A 630,44.86942274,-0.64565867,1,ROCADE A 630,0,,3,6,0,1,12,413,1,, -1,2,0,1,90
202300040421,9,12,2023,01:50,3,033,33093,1,1,2,6,D13,44.72066,-0.331661,3,13,0,D,2,2,0,2,23,700,1,,5,2,0,3,80
202300040559,1,9,2023,19:40,1,033,33039,2,1,1,3,Rue Rachelle Guitton,44.79355,-0.5366,4,RUE GUITTON,0,,2,5,0,2, -1, -1,3,, -1,1,9,1,50
202300040561,1,9,2023,19:05,1,033,33063,2,1,1,3,Quai des Chartrons,44.85225101,-0.56805164,4,QUAI DES CHARTRONS,0,,2,6,3,1, -1, -1,1,, -1,1,0,1,50
202300040589,4,10,2023,18:20,1,033,33036,2,1,1,3,Avenue de la RÃ©publique,44.432562,-0.220199,4,,-1,,2,2,0,1, -1, -1,1,, -1,1,0,1,50
202300040652,4,10,2023,19:30,1,033,33449,2,1,1,6,181 avenue ClÃ©menceau,44.88332823,-0.73766381,4,,-1,,2,2,0,1, -1, -1,1,, -1,1,8,1,50
202300040654,4,10,2023,20:50,3,033,33056,1,1,1,5,Avenue de Labarde -Rd 209,44.93078862,-0.56221917,3,209,-1,,2,2,0,1, -1, -1,1,, -1,1,0,1,70
202300040663,1,10,2023,18:55,1,033,33063,1,1,1,2,ROCADE A 630,44.88188766,-0.54725379,1,ROCADE A 630,0,,2,6,0,2,3,900,1,,14,1,2,1,70
202300040668,8,12,2023,14:45,1,033,33281,2,1,2,4,Avenue Pierre MendÃ¨s-France,44.83912,-0.64019,4,AVE PIERRE MENDES FRANCE,0,,2,2,1,1, -1, -1,1,, -1,2,-1,1,50
202300040672,8,12,2023,01:00,5,033,33039,2,5,2,3,Boulevard Jean-Jacques Bosc,44.82087,-0.54113,4,BD JEAN-JACQUES BOSC,0,,4,2,0,1, -1, -1,1,, -1,2,5,1,50
202300040672,8,12,2023,01:00,5,033,33039,2,5,2,3,Boulevard Jean-Jacques Bosc,44.82087,-0.54113,4,QUAI DE BRIENNE,0,,4,1,0,3, -1, -1,1,, -1,2,5,1,50
202300040791,3,10,2023,08:35,1,033,33192,2,3,8,3,CHEM D'ORNON,44.76960236,-0.64125985,4,CHEM D'ORNON,0,,2,2,0,1, -1, -1,1,, -1,1,0,1,50
202300040791,3,10,2023,08:35,1,033,33192,2,3,8,3,CHEM D'ORNON,44.76960236,-0.64125985,4,,-1,,2, -1,-1,1, -1, -1,1,, -1,1,0,1,50
202300040920,25,7,2023,00:32,5,033,33522,2,6,1,3,Rue Lafitte,44.79984,-0.58479,4,RUE LAFITTE,0,,2,2,0,1, -1, -1,2,, -1,1,5,1,50
202300040920,25,7,2023,00:32,5,033,33522,2,6,1,3,Rue Lafitte,44.79984,-0.58479,4,RUE PACARIS,0,,2,3,1,1, -1, -1,3,, -1,1,5,1,50
202300041166,23,7,2023,12:05,1,033,33236,1,1,1,1,D106,44.77161953,-1.17272615,3,106,0,D,2,2,2,1,49,350,1,,"5,5",1,0,1,80
202300041320,19,6,2023,16:20,1,033,33249,2,6,1,3,Boulevard AndrÃ© Ricard,44.862734,-0.537679,4,BD ANDRE RICARD,0,,2,3,1,1, -1, -1,1,, -1,1,0,1,50
202300041364,29,10,2023,08:15,1,033,33289,1,1,2,6,,44.644536,0.083674,3,668,-1,,2,2,0,1,36,795,1,, -1,2,0,3,80
202300041459,5,11,2023,10:15,1,033,33249,2,1,1,6,ROUTE NATIONALE 230,44.88148094,-0.51091522,2,ROUTE NATIONALE 230,0,,2,6,0,2,43,889,3,, -1,2,3,1,50
202300041809,4,11,2023,09:00,1,033,33550,1,1,2,6,ROCADE A 630,44.77815,-0.56482,1,ROCADE A 630,0,,3,6,0,1,30,200,1,,14,2,0,1,90
202300041814,9,4,2023,05:00,3,033,33528,1,1,1,7,D107,44.876248,-1.030955,3,107,-1,D,2,2,0,1,15,500,1,,6,1,0,8,80
202300041848,16,3,2023,19:40,3,033,33284,2,1,1,6,quatre routes,44.68482659,-0.84732056,3,,0,D,2,2,0,1,56,897,1,, -1,1,0,1,-1
202300041849,8,5,2023,19:00,1,033,33394,1,4,1,1,D243,44.909865,-0.184112,3,243,-1,D,2,2,0,1,4,450,1,,5,1,0,1,70
202300041849,8,5,2023,19:00,1,033,33394,1,4,1,1,D243,44.909865,-0.184112,3,,-1,,2,2,-1,1, -1, -1,1,, -1,1,0,1,80
202300041871,8,4,2023,14:45,1,033,33063,1,1,1,4,ROCADE A 630,44.87994783,-0.53757906,1,ROCADE A 630,0,,3,6,1,1,3,0,1,,14,1,2,1,70
202300041874,8,4,2023,13:20,1,033,33080,1,1,1,6,AUTOROUTE A 62,44.72574933,-0.52654982,1,AUTOROUTE A 62,0,,3,4,0,1,5,760,1,, -1,1,0,1,130
202300041877,8,4,2023,06:00,4,033,33039,1,1,1,3,ROCADE A 631,44.806,-0.532,1,ROCADE A 631,0,,-1,2,0,1,0,300,3,,10,1,3,1,90
202300041965,21,2,2023,13:45,1,033,33227,2,1,1,3,Chemin de la Garenne,44.547359,-0.250034,4,,-1,,2,2,0,1, -1, -1,1,,4,1,0,1,50
202300041976,21,2,2023,07:26,2,033,33013,1,1,1,2,ROUTE NATIONALE 230,44.85551,-0.50511,2,ROUTE NATIONALE 230,0,,3,6,0,1,40,888,1,, -1,1,0,1,90
202300042064,6,4,2023,19:22,1,033,33281,2,3,1,3,Avenue du PrÃ©sident-RenÃ©-Coty,44.83708,-0.64923,4,ALL PRESIDENT RENE COTY,0,,3,2,2,1, -1, -1,1,, -1,1,0,1,30
202300042064,6,4,2023,19:22,1,033,33281,2,3,1,3,Avenue du PrÃ©sident-RenÃ©-Coty,44.83708,-0.64923,4,RUE PABLO PICASSO,0,,2,1,2,1, -1, -1,1,, -1,1,0,1,30
202300042069,5,4,2023,16:00,1,033,33192,2,3,1,3,Cours du GÃ©nÃ©ral de Gaulle,44.78626,-0.60494,3,AVE FAVARD,0,,1,1,0,1, -1, -1,3,, -1,1,9,1,50
202300042069,5,4,2023,16:00,1,033,33192,2,3,1,3,Cours du GÃ©nÃ©ral de Gaulle,44.78626,-0.60494,3,CRS DU GENERAL DE GAULLE,0,,3,2,2,1, -1, -1,1,, -1,1,5,1,50
202300042074,5,4,2023,08:15,1,033,33281,2,2,1,3,Avenue de l'Yser,44.84207,-0.66068,4,AVE DE L'YSER,0,,3,3,2,1, -1, -1,1,, -1,1,5,1,50
202300042074,5,4,2023,08:15,1,033,33281,2,2,1,3,Avenue de l'Yser,44.84207,-0.66068,4,RUE ANDRE OULEY,0,,2,2,2,1, -1, -1,1,, -1,1,5,1,50
202300042321,8,12,2023,22:55,3,033,33366,1,1,1,4,AUTOROUTE A 10,45.00027784,-0.42682528,2,AUTOROUTE A 10,0,,3,6,0,1,528,99,1,, -1,1,0,1,130
202300042324,8,12,2023,16:15,1,033,33249,1,1,1,2,ROCADE A 630,44.8791,-0.53327,1,ROCADE A 630,0,,3,6,0,2,2,532,1,, -1,1,2,1,70
202300042325,8,12,2023,16:05,1,033,33192,1,1,1,6,ROCADE A 630,44.78921123,-0.62005699,1,ROCADE A 630,0,,3,6,0,1,25,271,1,, -1,1,3,1,90
202300042384,7,4,2023,17:40,1,033,33318,1,1,1,2,ROCADE A 630,44.78816044,-0.63237906,1,ROCADE A 630,0,,3,6,0,1,24,0,1,,14,1,0,1,90
202300042389,5,4,2023,15:25,1,033,33249,1,1,1,4,ROUTE NATIONALE 230,44.88333,-0.51258,2,ROUTE NATIONALE 230,0,,3,2,0,2,44,189,2,,6,1,3,1,50
202300042501,1,9,2023,00:10,5,033,33063,2,2,1,3,Rue Emile Fourcand,44.84721,-0.58404,4,BARRAUD (RUE DOCTEUR ALBERT),0,,1,1,0,1, -1, -1,1,, -1,1,0,1,30
202300042501,1,9,2023,00:10,5,033,33063,2,2,1,3,Rue Emile Fourcand,44.84721,-0.58404,4,RUE EMILE FOURCAND,0,,2,2,0,1, -1, -1,1,, -1,1,0,1,30
202300042503,25,8,2023,10:25,1,033,33063,2,3,1,3,Rue du Tauzin,44.82082,-0.60203,4,RUE DU HAUT-BRION,0,,1,1,0,1, -1, -1,1,, -1,1,5,1,30
202300042503,25,8,2023,10:25,1,033,33063,2,3,1,3,Rue du Tauzin,44.82082,-0.60203,4,RUE DU TAUZIN,0,,3,6,0,1, -1, -1,1,, -1,1,5,1,50
202300042537,7,12,2023,17:40,3,033,33075,1,1,3,1,Boulevard Jacques Chaban-Delmas,44.89639,-0.58637,4,AVE J. CHABAN DELMAS,0,,2,2,1,1, -1, -1,1,, -1,2,0,1,50
202300042539,7,12,2023,18:30,5,033,33063,2,1,3,3,Boulevard du PrÃ©sident Wilson,44.84352,-0.59946,4,BD DU PRESIDENT WILSON,0,,2,4,3,1, -1, -1,1,, -1,2,0,1,50
202300042540,7,12,2023,15:00,1,033,33063,2,1,2,6,Rue Lucien Faure,44.8657,-0.56057,4,RUE LUCIEN FAURE,0,,2,4,3,1, -1, -1,1,, -1,2,0,6,50
202300042542,6,12,2023,11:30,1,033,33550,2,1,1,3,TOULOUSE (RTE DE),44.79759014,-0.5686833,4,TOULOUSE (RTE DE),0,,2,2,2,1, -1, -1,1,, -1,1,0,1,50
202300042543,6,12,2023,19:30,5,033,33162,2,3,1,3,Avenue du MÃ©doc,44.8911,-0.6578,4,AVE DU MEDOC,0,,2,2,0,1, -1, -1,1,, -1,1,8,1,50
202300042543,6,12,2023,19:30,5,033,33162,2,3,1,3,Avenue du MÃ©doc,44.8911,-0.6578,4,RUE DU VIGNAN,0,,2,2,0,1, -1, -1,1,, -1,1,0,1,50
202300042627,3,10,2023,21:30,5,033,33555,1,1,1,6,Avenue de la CÃ´te d?Argent,44.67948163,-0.87983966,3,1250,-1,,2,2,1,1,31,0,1,, -1,1,0,1,80
202300042637,3,10,2023,09:15,1,033,33096,1,1,1,2,AUTOROUTE A 10,44.89002761,-0.50330579,1,AUTOROUTE A 10,0,,3,6,0,1,542,299,1,, -1,1,0,1,90
202300042638,2,10,2023,20:45,4,033,33096,1,1,1,2,AUTOROUTE A 10,44.890796,-0.502178,1,AUTOROUTE A 10,0,,3,6,0,1,542,299,1,, -1,1,0,1,90
202300042710,23,7,2023,17:45,1,033,33417,1,1,1,1,75 Route des Landes,44.941458,-0.920389,3,5,-1,,2,2,0,1,21,555,1,,"5,5",1,0,1,80
202300042714,11,7,2023,17:40,1,033,33056,2,2,1,3,Rue de l'AbbÃ© Poncabarre,44.909428,-0.639696,4,,-1,,2,2,0,1, -1, -1,1,, -1,1,5,1,30
202300042772,10,1,2023,20:50,4,033,33179,1,2,2,3,Daudinet,45.004793,-0.283593,3,18,0,,2,2,0,1,47,280,1,, -1,2,0,1,80
202300042772,10,1,2023,20:50,4,033,33179,1,2,2,3,Daudinet,45.004793,-0.283593,3,,-1,,2, -1,-1,1, -1, -1,1,, -1,2,0,1,80
202300042777,2,10,2023,16:23,1,033,33529,1,1,1,1,CAZAUX (BD DE) DU 02 ET +,44.61628876,-1.13749534,3,CAZAUX (BD DE) DU 02 ET +,0,,2,2,0,1,2,0,1,, -1,1,0,1,50
202300042805,11,1,2023,13:15,1,033,33063,1,1,2,6,ROCADE A 630,44.88377927,-0.55736303,1,ROCADE A 630,0,,1,2,0,3,4,618,3,, -1,2,3,1,50
202300042867,21,7,2023,15:30,1,033,33529,2,1,1,1,ARCACHON (BD D'),44.64376,-1.1756,3,ARCACHON (BD D'),0,,2,2,0,2,1,450,1,, -1,1,0,1,50
202300042943,10,1,2023,17:30,2,033,33334,1,2,1,3,Route des Graves,44.690196,-0.423832,3,1113,0,D,2,2,0,1,48,863,1,, -1,1,0,1,80
202300042943,10,1,2023,17:30,2,033,33334,1,2,1,3,Route des Graves,44.690196,-0.423832,3,,-1,,2,2,-1,1,74,50,1,, -1,1,5,1,80
202300043015,11,1,2023,18:20,3,033,33318,1,1,1,2,ROCADE A 630,44.80161,-0.65806,1,ROCADE A 630,0,,3,6,0,1,21,370,1,, -1,1,0,1,90
202300043076,22,7,2023,14:40,1,033,33167,1,1,1,3,ROUTE NATIONALE 230,44.821257,-0.517608,2,ROUTE NATIONALE 230,0,,3,6,0,1,36,360,3,, -1,1,3,1,90
202300043079,22,7,2023,14:15,1,033,33192,1,1,1,3,AUTOROUTE A 63,44.7819,-0.635252,1,AUTOROUTE A 63,0,,3,6,0,1,0,922,1,, -1,1,0,1,110
202300043080,22,7,2023,03:25,4,033,33013,1,9,1,2,ROUTE NATIONALE 89,44.8687384,-0.5026862,2,ROUTE NATIONALE 89,0,,3,5,0,1,49,952,1,, -1,1,3,1,50
202300043187,20,6,2023,15:00,1,033,33397,1,1,1,3,AUTOROUTE A 10,44.91421,-0.4802,1,AUTOROUTE A 10,0,,3,6,0,1,539,0,1,,14,1,0,1,110
202300043188,19,6,2023,21:15,2,033,33550,1,9,1,6,,44.782643,-0.587073,1,ROCADE A 630,0,,1,1,0,3,28,415,3,, -1,1,3,1,50
202300043273,17,6,2023,21:55,5,033,33281,2,2,3,3,Rue Emile Combes,44.83257101,-0.61258703,4,ORNANO (CRS D),0,,1,1,0,1, -1, -1,1,, -1,2,0,1,30
202300043273,17,6,2023,21:55,5,033,33281,2,2,3,3,Rue Emile Combes,44.83257101,-0.61258703,4,RUE EMILE COMBES,0,,1,1,2,1, -1, -1,1,, -1,2,0,1,30
202300043274,15,6,2023,07:56,1,033,33249,2,3,1,3,Quai Chaigneau Bichon,44.87930256,-0.53322181,4,,-1,,2, -1,-1,1, -1, -1,1,, -1,1,0,1,-1
202300043274,15,6,2023,07:56,1,033,33249,2,3,1,3,Quai Chaigneau Bichon,44.87930256,-0.53322181,4,QUAI CHAIGNEAU BICHON,0,,2,2,0,1, -1, -1,2,, -1,1,0,1,30
202300043422,3,11,2023,20:11,5,033,33522,2,3,2,3,Avenue de la Mission Haut Brion,44.80893,-0.60572,4,,-1,,2,2,-1,1, -1, -1,1,, -1,2,5,1,50
202300043422,3,11,2023,20:11,5,033,33522,2,3,2,3,Avenue de la Mission Haut Brion,44.80893,-0.60572,4,RUE DE LA MISSION DU HAUT BRION,0,,2,2,0,1, -1, -1,1,, -1,2,5,1,50
202300043424,3,11,2023,17:55,5,033,33063,2,1,3,3,Quai de la Souys,44.82909,-0.54139,4,SOUYS (QUAI DE LA),0,,2,3,0,1, -1, -1,1,, -1,2,0,1,50
202300043575,3,11,2023,11:50,2,033,33199,2,1,2,6,45 Av du Mal de Lattre de Tassigny,44.637972,-1.111128,3,650,-1,D,2,2,1,1,13,731,1,,"5,5",2,0,5,50
202300043604,3,11,2023,18:45,5,033,33039,1,1,3,2,ROCADE A 630,44.80688,-0.52847,2,ROCADE A 630,0,,3,6,0,1,35,1,1,, -1,4,2,1,90
202300043606,3,11,2023,12:15,1,033,33013,1,1,3,2,ROUTE NATIONALE 230,44.85728214,-0.50482661,2,ROUTE NATIONALE 230,0,,3,6,0,1,41,119,1,,14,2,0,1,90
202300043608,3,11,2023,12:05,1,033,33249,1,1,3,6,ROUTE NATIONALE 230,44.87368065,-0.5067578,2,ROUTE NATIONALE 230,0,,1,2,0,2,43,0,2,, -1,2,3,1,90
202300043609,2,11,2023,10:40,1,033,33249,1,1,3,3,AUTOROUTE A 10,44.8780675,-0.50914496,2,AUTOROUTE A 10,0,,3,6,0,1,43,500,1,, -1,2,0,1,90
202300043698,13,5,2023,23:40,5,033,33281,2,3,1,6,Avenue de la LibÃ©ration,44.845867,-0.64450103,4,AVE DE LA LIBERATION,0,,2,2,2,1, -1, -1,2,,7,1,0,4,50
202300043698,13,5,2023,23:40,5,033,33281,2,3,1,6,Avenue de la LibÃ©ration,44.845867,-0.64450103,4,,-1,,1,1,-1,1, -1, -1,1,, -1,1,0,1,30
202300043701,13,5,2023,23:20,5,033,33063,2,2,1,3,Cours Aristide Briand,44.83187,-0.57725,4,CRS ARISTIDE BRIAND,0,,2,5,3,1, -1, -1,1,, -1,1,5,1,50
202300043701,13,5,2023,23:20,5,033,33063,2,2,1,3,Cours Aristide Briand,44.83187,-0.57725,4,RUE TANESSE,0,,1,1,0,1, -1, -1,1,, -1,1,5,1,50
202300043718,22,2,2023,17:45,1,033,33318,1,1,2,5,ROCADE A 630,44.79114,-0.64766,1,ROCADE A 630,0,,3,6,0,1,22,799,1,, -1,2,0,1,90
202300043720,22,2,2023,06:30,5,033,33013,1,1,2,6,ROUTE NATIONALE 230,44.869552,-0.50452352,2,ROUTE NATIONALE 230,0,,1,2,0,2,42,500,2,, -1,2,3,1,50
202300043790,20,2,2023,16:35,1,033,33119,2,1,1,6,Avenue Hubert Dubedout,44.84695953,-0.51207528,4,AVE H. DUBEDOUT,0,,2,2,0,1, -1, -1,1,, -1,1,0,1,50
202300043891,7,4,2023,13:30,1,033,33314,1,2,7,3,RD 206,45.175571,-0.774611,3,206,-1,,2,2,0,1,4,500,1,,7,1,0,1,80
202300043891,7,4,2023,13:30,1,033,33314,1,2,7,3,RD 206,45.175571,-0.774611,3,,-1,,2, -1,0,1, -1, -1,1,, -1,1,0,1,80
202300043984,7,4,2023,09:30,1,033,33240,2,3,1,4,Rue Pierre Curie,45.307685,-0.942078,3,202,0,D,2,2,0,1,17,900,1,,"5,5",1,0,4,50
202300043984,7,4,2023,09:30,1,033,33240,2,3,1,4,Rue Pierre Curie,45.307685,-0.942078,3,,-1,,2, -1,0,1, -1, -1,1,, -1,1,0,1,-1
202300043987,6,4,2023,17:10,1,033,33085,2,1,1,6,Chemin de Fontbonne,44.772894,-0.487336,4,,-1,,2,2,0,1, -1, -1,1,, -1,1,0,1,30
202300043992,7,4,2023,11:05,1,033,33284,1,3,1,4,Chemin de l'Estauleyre,44.626763,-0.902596,3,216,-1,,2,2,0,2,7,830,1,,7,1,0,1,80
202300043992,7,4,2023,11:05,1,033,33284,1,3,1,4,Chemin de l'Estauleyre,44.626763,-0.902596,3,,-1,,2,2,-1,1, -1, -1,1,, -1,1,0,1,80
202300043994,21,2,2023,18:20,2,033,33061,1,3,1,3,D936,44.826656,-0.421536,3,936,0,,2,2,0,1,12,100,1,, -1,1,0,1,90
202300043994,21,2,2023,18:20,2,033,33061,1,3,1,3,D936,44.826656,-0.421536,3,,-1,,2, -1,-1,1, -1, -1,1,, -1,1,0,1,-1
202300044002,19,2,2023,16:45,1,033,33281,1,1,1,4,ROCADE A 630,44.83504,-0.67676,1,ROCADE A 630,0,,3,8,0,1,17,0,1,, -1,1,3,1,90
202300044016,6,4,2023,07:40,2,033,33003,1,1,1,4,AUTOROUTE A 10,44.92973662,-0.46968699,1,AUTOROUTE A 10,0,,3,6,0,1,537,0,1,,14,1,3,1,110
202300044023,1,9,2023,13:00,1,033,33229,1,1,1,3,D106,44.782888,-0.934707,3,106,-1,,3,4,0,1,29,800,1,, -1,1,3,1,110
202300044121,31,8,2023,07:25,1,033,33122,1,1,1,6,AUTOROUTE A 63,44.73161848,-0.72440565,1,AUTOROUTE A 63,0,,3,4,0,1,10,0,1,, -1,1,0,1,110
202300044215,5,4,2023,17:30,1,033,33550,2,1,1,1,Rue Pablo Neruda,44.78599,-0.58298,4,RUE PABLO NERUDA,0,,2,3,1,2, -1, -1,1,, -1,1,0,1,50
202300044229,20,2,2023,10:15,1,033,33063,2,1,1,2,Rue de CaudÃ©ran,44.84638522,-0.596876,4,RUE DE CAUDERAN,0,,1,1,3,1, -1, -1,1,, -1,1,-1,5,30
202300044487,10,1,2023,22:15,5,033,33063,2,2,1,3,Cours du MÃ©doc,44.85996,-0.56882,4,CRS DU MEDOC,0,,2,2,0,1, -1, -1,1,, -1,1,0,1,50
202300044487,10,1,2023,22:15,5,033,33063,2,2,1,3,Cours du MÃ©doc,44.85996,-0.56882,4,CRS SAINT LOUIS,0,,1,1,0,1, -1, -1,1,, -1,1,0,1,50
202300044490,10,1,2023,08:15,2,033,33318,2,9,2,3,Rue Marcel Dassault,44.78318,-0.65253,4,AVE DU HAUT LEVEQUE,0,,2,5,2,1, -1, -1,2,, -1,2,0,5,50
202300044490,10,1,2023,08:15,2,033,33318,2,9,2,3,Rue Marcel Dassault,44.78318,-0.65253,4,RUE MARCEL DASSAULT,0,,2,2,0,1, -1, -1,1,, -1,2,0,5,50
202300044529,6,12,2023,12:50,1,033,33318,2,3,1,1,Avenue Jean JaurÃ¨s,44.81111,-0.61922,4,JAURES (AVE JEAN),0,,2,2,0,1, -1, -1,1,, -1,1,0,1,50
202300044529,6,12,2023,12:50,1,033,33318,2,3,1,1,Avenue Jean JaurÃ¨s,44.81111,-0.61922,4,RUE DU BAS BRION,0,,2,2,0,1, -1, -1,1,, -1,1,5,1,50
202300044570,2,10,2023,10:14,1,033,33080,1,1,1,4,AUTOROUTE A 62,44.75596337,-0.54455984,1,AUTOROUTE A 62,0,,3,4,0,1,2,0,1,, -1,1,0,1,110
202300044574,1,10,2023,18:15,1,033,33080,1,1,1,2,AUTOROUTE A 62,44.72533008,-0.52686632,1,AUTOROUTE A 62,0,,1,1,0,3,5,800,1,,10,1,3,1,50
202300044597,21,7,2023,08:55,1,033,33192,2,6,1,3,Route de CanÃ©jan,44.77234945,-0.62566549,4,,-1,,2,2,0,1, -1, -1,3,, -1,1,0,1,50
202300044597,21,7,2023,08:55,1,033,33192,2,6,1,3,Route de CanÃ©jan,44.77234945,-0.62566549,4,RTE DE CANEJAN,0,,2,2,2,1, -1, -1,2,, -1,1,0,1,50
202300044599,21,7,2023,02:35,5,033,33529,2,6,1,6,SAINT-EXUPERY (AVE),44.617087,-1.138116,3,SAINT-EXUPERY (AVE),0,,2,2,0,1,1,900,1,,7,1,0,1,80
202300044688,9,1,2023,18:00,5,033,33522,2,3,2,6,Avenue de Thouars,44.79619438,-0.59234172,4,AVE DE THOUARS,0,,2,4,1,1, -1, -1,1,, -1,2,5,1,50
202300044688,9,1,2023,18:00,5,033,33522,2,3,2,6,Avenue de Thouars,44.79619438,-0.59234172,4,RUE FRANCOIS RABELAIS,0,,2,4,1,1, -1, -1,1,, -1,2,5,1,50
202300044691,9,1,2023,11:45,1,033,33318,2,2,2,3,Avenue de Madran,44.80559,-0.64908,4,AVE DU PONT DE L'ORIENT,0,,2,3,2,1, -1, -1,1,, -1,2,5,1,50
202300044691,9,1,2023,11:45,1,033,33318,2,2,2,3,Avenue de Madran,44.80559,-0.64908,4,MADRAN (AVE DE),0,,2,3,2,1, -1, -1,1,, -1,2,5,1,50
202300044693,9,1,2023,08:00,2,033,33009,2,1,2,6,LORENTZ-MONOD (ALL. DR),44.65328,-1.16383,4,LORENTZ-MONOD (ALL. DR),0,,2,2,0,1, -1, -1,1,, -1,2,0,1,50
202300044750,1,10,2023,22:24,5,033,33550,2,6,1,3,Avenue des PyrÃ©nÃ©es,44.77151,-0.56434,4,,-1,,1,1,-1,1, -1, -1,1,, -1,1,0,1,30
202300044750,1,10,2023,22:24,5,033,33550,2,6,1,3,Avenue des PyrÃ©nÃ©es,44.77151,-0.56434,4,PYRENEES (AVE DES),0,,-1,1,0,1, -1, -1,1,, -1,1,0,1,50
202300044753,1,10,2023,12:20,1,033,33039,2,1,1,6,Boulevard Jean-Jacques Bosc,44.81567,-0.5508,4,BOSC (BD JEAN-JACQUES),0,,3,4,3,1, -1, -1,1,, -1,1,0,4,50
202300044914,21,7,2023,21:10,1,033,33550,1,9,1,6,ROCADE A 630,44.78773403,-0.54101229,1,ROCADE A 630,0,,3,7,0,1,32,659,1,,14,1,0,1,90
202300044971,10,1,2023,18:15,3,033,33080,1,1,1,4,AUTOROUTE A 62,44.72728,-0.52785,1,AUTOROUTE A 62,0,,3,4,0,1,5,515,1,, -1,1,3,1,130
202300044973,10,1,2023,06:45,5,033,33397,1,1,1,2,AUTOROUTE A10,44.911922,-0.484692,1,AUTOROUTE A10,0,,3,6,0,1,539,400,1,, -1,2,0,1,110
202300045007,20,7,2023,17:15,1,033,33063,2,3,1,3,Quai de Brazza,44.85677,-0.54785,4,QUAI DE BRAZZA,0,,3,4,0,1, -1, -1,1,, -1,1,5,1,50
202300045007,20,7,2023,17:15,1,033,33063,2,3,1,3,Quai de Brazza,44.85677,-0.54785,4,RUE LAJAUNIE,0,,1,2,2,1, -1, -1,1,, -1,1,5,1,50
202300045008,20,7,2023,08:22,1,033,33063,2,2,1,3,Place Bir Hakeim,44.83663,-0.5654,4,PCE BIR HAKEIM,0,,1,2,3,2, -1, -1,1,, -1,1,9,5,50
202300045008,20,7,2023,08:22,1,033,33063,2,2,1,3,Place Bir Hakeim,44.83663,-0.5654,4,SALINIERES (QUAI DES),0,,2,4,0,2, -1, -1,1,, -1,1,-1,5,50
202300045009,19,7,2023,23:45,5,033,33063,2,1,1,3,Avenue de MÃ©rignac,44.838584,-0.62123716,4,MERIGNAC (AVENUE DE),0,,2,2,2,1, -1, -1,1,, -1,1,0,1,50
202300045112,19,6,2023,19:00,1,033,33412,1,1,1,3,rd 1215,45.26246,-0.905125,3,1215,0,D,3,4,0,1,57,20,1,, -1,1,0,1,110