Num_Acc,jour,mois,an,hrmn,lum,dep,com,agg,int,atm,col,adr,lat,long,catr,voie,v1,v2,circ,nbv,vosp,prof,pr,pr1,plan,lartpc,larrout,surf,infra,situ,vma
202300049855,26,8,2023,18:45,1,033,33063,2,3,1,5,Boulevard Alfred Daney,44.86697,-0.57323,4,DANEY (BD ALFRED),0,,3,4,3,1, -1, -1,1,, -1,1,0,1,50
202300049855,26,8,2023,18:45,1,033,33063,2,3,1,5,Boulevard Alfred Daney,44.86697,-0.57323,4,RUE VITAL-MAREILLE,0,,2,2,0,1, -1, -1,1,, -1,1,0,1,30
202300049857,17,2,2023,17:27,1,033,33487,1,1,1,4,AUTOROUTE A 10,44.95409,-0.45589,1,AUTOROUTE A 10,0,,3,6,0,3,534,0,1,, -1,1,2,1,130
202300049860,25,8,2023,19:10,1,033,33318,2,1,1,6,Avenue Jean JaurÃ¨s,44.81348238,-0.6125991,4,AVE JEAN JAURES,0,,2,2,2,1, -1, -1,1,, -1,1,0,1,30
202300049866,17,2,2023,16:15,1,033,33192,1,1,1,3,ROCADE A 630,44.78742,-0.59805,1,ROCADE A 630,0,,3,6,0,1,27,224,1,, -1,1,0,1,90
202300049867,25,8,2023,19:35,1,033,33192,2,1,1,2,Rue de Lahouneau,44.77959,-0.61213,4,RUE DE LAHOUNEAU,0,,2,2,2,1, -1, -1,1,, -1,1,0,1,50
202300049873,25,8,2023,10:20,1,033,33063,2,2,1,3,Rue de Pessac,44.82539,-0.5892,4,Boulevard GEORGE V,0,,2,4,3,1, -1, -1,1,, -1,1,0,1,50
202300049873,25,8,2023,10:20,1,033,33063,2,2,1,3,Rue de Pessac,44.82539,-0.5892,4,RUE DE PESSAC,0,,2,4,0,1, -1, -1,1,, -1,1,0,1,50
202300049874,16,2,2023,23:35,3,033,33366,1,1,1,4,AUTOROUTE A 10,44.98296,-0.42853,1,AUTOROUTE A 10,0,,3,6,0,1,530,400,1,, -1,1,0,1,110
202300049880,25,8,2023,01:30,5,033,33063,2,1,1,6,Quai de Paludate,44.82946,-0.5552,4,PALUDATE (QUAI DE),0,,1,1,0,1, -1, -1,1,, -1,1,5,1,50
202300049953,17,7,2023,15:30,1,033,33522,2,1,1,2,Cours MarÃ©chal Gallieni,44.82505579,-0.58983386,4,GALLIENI (CRS DU MARECHAL),0,,2,2,0,1, -1, -1,1,, -1,1,0,1,50
202300050002,28,9,2023,15:45,1,033,33273,1,1,1,6,Avenue du MarÃ©chal Leclerc,44.843938,-0.764505,4,211,-1,,2,2,0,1, -1, -1,1,, -1,1,0,1,80
202300050040,1,12,2023,15:50,1,033,33324,2,1,1,1,11 Route de Bergerac,44.842124,0.231501,3,936E6,-1,,2,2,0,1,2,200,1,,7,2,0,1,80
202300050047,3,12,2023,06:35,2,033,33366,1,1,9,3,2090 Route de Libourne,44.983566,-0.410123,3,670,-1,,2,2,0,1,3,250,1,,7,1,0,1,70
202300050052,29,11,2023,13:30,1,033,33151,1,1,8,6,Grand Moulin Ouest,45.253629,-0.437125,4,,-1,,2,2,0,1, -1, -1,3,, -1,2,0,3,80
202300050107,3,12,2023,03:45,3,033,33143,1,1,1,2,AUTOROUTE A 10,44.96588851,-0.43908298,1,AUTOROUTE A 10,0,,3,6,0,1,532,65,1,, -1,1,0,1,130
202300050211,9,5,2023,17:30,1,033,33063,1,9,2,4,Boulevard Alienor d'Aquitaine,44.87621,-0.56407,4,BD ALIENOR D'AQUITAINE,0,,1,5,0,1, -1, -1,1,, -1,2,9,1,70
202300050246,16,2,2023,07:00,5,033,33162,2,3,1,3,Rue de Langlet,44.88943,-0.6312,4,RUE JEAN MACE,0,,2,2,0,1, -1, -1,1,, -1,1,0,1,50
202300050246,16,2,2023,07:00,5,033,33162,2,3,1,3,Rue de Langlet,44.88943,-0.6312,4,RUE JEAN MACE,0,,3,2,0,1, -1, -1,1,, -1,1,0,1,50
202300050427,5,1,2023,17:40,5,033,33249,1,1,1,2,ROUTE NATIONALE 230,44.875055,-0.507663,2,ROUTE NATIONALE 230,0,,3,6,0,1,43,150,1,, -1,1,0,1,90
202300050514,17,7,2023,18:10,1,033,33013,1,1,1,4,ROUTE NATIONALE 89,44.86871,-0.50189,2,ROUTE NATIONALE 89,0,,3,6,0,1,49,876,1,, -1,1,0,1,90
202300050607,28,9,2023,23:00,5,033,33063,2,1,1,3,Quai de Brazza,44.85506,-0.55139,4,QUAI DE BRAZZA,0,,2,4,1,1, -1, -1,1,, -1,1,-1,1,50
202300050614,28,9,2023,18:04,1,033,33063,2,3,1,3,Rue d'Armagnac,44.82141196,-0.55211395,4,,-1,,2, -1,-1,1, -1, -1,1,, -1,1,0,1,50
202300050614,28,9,2023,18:04,1,033,33063,2,3,1,3,Rue d'Armagnac,44.82141196,-0.55211395,4,RUE D'ARMAGNAC,0,,2,3,3,1, -1, -1,1,, -1,1,0,1,30
202300050653,5,1,2023,12:48,1,033,33032,2,1,1,3,Quai de Vial,44.91086,-0.53629,4,VIAL (QUAI DE),0,,2,2,0,1, -1, -1,3,, -1,1,0,1,50
202300050656,5,1,2023,07:40,3,033,33063,2,1,8,6,Boulevard du PrÃ©sident Franklin Roosevelt,44.81491,-0.57316,4,BD DU PDT FRANKLIN ROOSEVELT,0,,3,4,3,1, -1, -1,1,, -1,2,0,1,50
202300050700,16,7,2023,13:00,1,033,33550,2,2,1,1,Avenue Georges ClÃ©menceau,44.78171,-0.56598,4,AVE DU MARECHAL LECLERC,0,,2,3,0,1, -1, -1,1,, -1,1,5,1,50
202300050700,16,7,2023,13:00,1,033,33550,2,2,1,1,Avenue Georges ClÃ©menceau,44.78171,-0.56598,4,AVE GEORGES CLEMENCEAU,0,,2,2,2,1, -1, -1,1,, -1,1,5,1,50
202300050700,16,7,2023,13:00,1,033,33550,2,2,1,1,Avenue Georges ClÃ©menceau,44.78171,-0.56598,4,TOULOUSE (RTE DE),0,,2,4,3,1, -1, -1,1,, -1,1,5,1,50
202300050765,13,6,2023,09:28,1,033,33013,1,1,1,5,,44.867593,-0.504247,2,ROUTE NATIONALE 230,0,,3,6,0,1,42,299,1,, -1,1,0,1,90
202300050797,15,2,2023,20:40,5,033,33011,2,1,1,3,Avenue de la LibÃ©ration,44.75866,-1.12095,3,3,0,D,2,2,1,1,80,0,1,,"5,5",1,0,1,50
202300050980,29,10,2023,13:10,1,033,33205,1,1,3,1,Lieu Dit Ardennes,44.58621469,-0.39481036,3,11,-1,,2,2,0,1,35,516,2,,"5,5",2,0,1,90
202300051046,26,10,2023,10:30,1,033,33023,1,1,2,3,16 Avenue du Petit Breton,44.695978,-0.486445,3,1113,0,D,2,2,0,1,54,180,1,,7,2,0,1,70
202300051048,25,10,2023,01:15,3,033,33272,1,1,2,6,N10,45.07583271,-0.38674638,2,10,0,,3,4,0,1,11,74,1,,7,2,0,3,110
202300051144,31,3,2023,19:19,1,033,33063,2,2,1,3,Rue Cornac,44.85089,-0.57183,4,RUE CORNAC,0,,1,1,0,1, -1, -1,1,, -1,1,0,1,30
202300051144,31,3,2023,19:19,1,033,33063,2,2,1,3,Rue Cornac,44.85089,-0.57183,4,RUE NOTRE DAME,0,,1,1,0,1, -1, -1,1,, -1,1,0,1,30
202300051149,31,3,2023,18:00,1,033,33063,2,1,1,6,Cours Charles Bricaud,44.89305,-0.56562,4,BRICAUD (CRS CHARLES),0,,3,4,0,1, -1, -1,1,, -1,1,9,1,50
202300051152,31,3,2023,14:50,1,033,33200,2,1,1,2,Avenue du MÃ©doc,44.89525,-0.66924,4,AVE DU MEDOC,0,,2,2,1,1, -1, -1,1,, -1,1,0,1,50
202300051160,30,3,2023,18:20,1,033,33281,2,1,1,4,Avenue de Verdun,44.83933,-0.62988,4,AVE DE VERDUN,0,,2,2,2,1, -1, -1,1,, -1,1,0,1,30
202300051166,30,3,2023,18:10,1,033,33063,2,3,1,3,Cours de Verdun,44.84716,-0.5767,4,CRS DE GOURGUE,0,,2,2,2,1, -1, -1,1,, -1,1,5,1,30
202300051166,30,3,2023,18:10,1,033,33063,2,3,1,3,Cours de Verdun,44.84716,-0.5767,4,VERDUN (CRS DE),0,,3,2,2,1, -1, -1,1,, -1,1,5,1,30
202300051169,28,11,2023,14:41,1,033,33281,2,1,1,2,Avenue FranÃ§ois Mitterrand,44.81962,-0.65301,4,AVE FRANCOIS MITTERRAND,0,,3,2,0,1, -1, -1,1,, -1,1,0,1,50
202300051173,1,12,2023,16:50,2,033,33063,2,1,2,3,Rue Marcel Sembat,44.83554,-0.5481,4,SEMBAT (RUE MARCEL),0,,2,2,0,1, -1, -1,1,, -1,2,0,1,30
202300051298,12,6,2023,15:20,1,033,33063,2,2,1,3,Rue Pasteur,44.8473,-0.6229,4,RUE DEVEAUX CAUD,0,,2,2,0,1, -1, -1,1,, -1,2,5,1,50
202300051298,12,6,2023,15:20,1,033,33063,2,2,1,3,Rue Pasteur,44.8473,-0.6229,4,RUE PASTEUR CAUD,0,,2,2,0,1, -1, -1,1,, -1,2,5,1,50
202300051305,12,6,2023,06:00,2,033,33063,2,2,1,3,Rue Joseph Brunet,44.87839,-0.54373,4,RUE JOSEPH BRUNET,0,,2,2,3,1, -1, -1,1,, -1,1,5,1,30
202300051305,12,6,2023,06:00,2,033,33063,2,2,1,3,Rue Joseph Brunet,44.87839,-0.54373,4,RUE NELSON SUQ,0,,2,2,0,1, -1, -1,1,, -1,1,5,1,30
202300051309,11,6,2023,02:30,5,033,33063,2,3,1,7,Avenue Thiers,44.8494,-0.54468,4,,-1,,2,3,2,1, -1, -1,1,, -1,1,5,1,50
202300051309,11,6,2023,02:30,5,033,33063,2,3,1,7,Avenue Thiers,44.8494,-0.54468,4,THIERS (AVE ),0,,2,4,3,1, -1, -1,1,, -1,1,9,1,50
202300051373,28,10,2023,10:15,1,033,33063,2,1,8,7,DANEY (BD ALFRED),44.87205,-0.56121,4,DANEY (BD ALFRED),0,,2,2,2,1, -1, -1,1,, -1,1,0,1,30
202300051380,28,10,2023,11:06,1,033,33039,2,1,1,3,Route de Toulouse,44.78566032,-0.56636184,4,TOULOUSE (RTE DE),0,,2,2,0,1, -1, -1,1,, -1,1,0,1,50
202300051382,28,10,2023,09:10,1,033,33167,2,1,8,6,BD ENTRE DEUX MERS,44.84345,-0.52909,4,BD ENTRE DEUX MERS,0,,3,6,0,2, -1, -1,2,,3,2,0,3,70
202300051389,27,10,2023,17:08,1,033,33162,2,1,8,1,AVE DU MEDOC,44.88798798,-0.6439957,4,AVE DU MEDOC,0,,2,2,2,1, -1, -1,1,, -1,2,0,1,50
202300051398,11,5,2023,10:50,1,033,33114,1,1,2,2,N10,45.111573,-0.378299,2,10,-1,,-1,2,3,1,7,24,1,,7,2,0,1,110
202300051477,29,3,2023,18:15,1,033,33421,1,1,1,1,lieu dit bonhomme,44.80852545,-0.139727,3,670,-1,D,2,2,0,2,37,950,2,, -1,1,0,1,50
202300051546,26,8,2023,09:30,1,033,33227,2,2,1,3,rond point de guyenne,44.554439,-0.254928,3,1562,0,D,2,4,0,1,0,280,1,, -1,1,5,1,50
202300051546,26,8,2023,09:30,1,033,33227,2,2,1,3,rond point de guyenne,44.554439,-0.254928,3,,-1,,2, -1,-1,1,1,0,1,, -1,1,5,1,50
202300051603,25,8,2023,17:10,1,033,33075,1,1,1,5,ROCADE A 630,44.88773714,-0.57988286,1,ROCADE A 630,0,,3,6,0,2,6,500,1,,14,1,2,1,90
202300051611,18,8,2023,19:45,1,033,33063,1,1,1,4,ROCADE A 630,44.88393131,-0.55744886,1,ROCADE A 630,0,,3,8,1,1,4,703,1,,14,1,2,1,70
202300051755,4,1,2023,19:35,5,033,33039,2,2,1,3,Avenue Edouard Bourlaux,44.78764,-0.56658,4,BOURLEAUD (AVE EDOUARD),0,,2,3,0,1, -1, -1,1,, -1,1,5,1,50
202300051755,4,1,2023,19:35,5,033,33039,2,2,1,3,Avenue Edouard Bourlaux,44.78764,-0.56658,4,TOULOUSE (RTE DE),0,,2,3,3,1, -1, -1,1,, -1,1,5,1,50
202300051768,27,10,2023,20:50,5,033,33478,2,2,2,3,Av du Mal de Lattre de Tassigny,45.011191,-0.001615,3,123,-1,,2,2,0,1,13,500,1,,5,2,0,1,50
202300051768,27,10,2023,20:50,5,033,33478,2,2,2,3,Av du Mal de Lattre de Tassigny,45.011191,-0.001615,3,,-1,,2,2,0,1, -1, -1,1,,5,2,0,1,50
202300051772,4,1,2023,18:15,5,033,33069,2,2,1,3,Route du MÃ©doc,44.87422301,-0.61859787,4,LYAUTEY (BD DU MARECHAL),0,,2,2,0,1, -1, -1,1,, -1,1,5,1,30
202300051772,4,1,2023,18:15,5,033,33069,2,2,1,3,Route du MÃ©doc,44.87422301,-0.61859787,4,MEDOC (RTE DU),0,,2,4,0,1, -1, -1,1,, -1,1,5,1,30
202300051782,29,9,2023,07:40,2,033,33238,1,2,1,3,Avenue de Cadaujac,44.73438,-0.579481,3,651,0,D,2,2,0,1,1,470,2,,4,1,0,1,80
202300051782,29,9,2023,07:40,2,033,33238,1,2,1,3,Avenue de Cadaujac,44.73438,-0.579481,3,,0,,2,2,0,1, -1, -1,2,,4,1,0,1,80
202300051791,28,9,2023,13:55,1,033,33312,1,1,1,2,Route de Pauillac (Pont),44.962946,-0.627143,3,2,0,D,2,2,0,1,76,600,1,, -1,1,0,1,80
202300051825,8,5,2023,15:30,1,033,33106,2,7,1,7,RD15,44.561988,-0.155514,3,15,-1,,-1,2,0,1, -1, -1,1,,4,1,0,1,50
202300051889,2,12,2023,15:05,1,033,33281,1,1,1,3,ROCADE A 630,44.81442425,-0.672521,1,ROCADE A 630,0,,3,6,0,1,19,270,1,, -1,1,0,1,90
202300051907,2,12,2023,10:30,1,033,33063,1,1,1,4,ROCADE A 630,44.88094373,-0.54229438,1,ROCADE A 630,0,,3,6,0,2,3,450,1,, -1,1,2,1,70
202300052067,16,2,2023,21:25,5,033,33096,1,1,1,6,AUTOROUTE A 10,44.88991,-0.50317,1,AUTOROUTE A 10,0,,3,6,0,1,542,299,1,, -1,1,0,1,110
202300052077,16,2,2023,17:50,1,033,33550,1,1,1,5,ROCADE A 630,44.78265,-0.58633,1,ROCADE A 630,0,,3,8,0,1,29,319,1,, -1,1,3,1,90
202300052090,16,2,2023,17:50,1,033,33192,1,1,1,3,ROCADE A 630,44.78929,-0.61948,1,ROCADE A 630,0,,3,6,0,1,25,167,1,, -1,1,0,1,90
202300052416,5,1,2023,18:00,3,033,33006,1,1,2,6,D255 PR 16+450,45.201378,-0.649089,3,255,0,D,2,2,0,1,16,450,3,, -1,2,0,3,50
202300052430,15,7,2023,05:00,5,033,33063,2,1,1,6,Quai Richelieu,44.83719,-0.56604,4,QUAI RICHELIEU,0,,1,1,0,2, -1, -1,1,, -1,1,0,1,50
202300052439,15,7,2023,09:31,1,033,33200,2,3,2,3,Rue de la MorandiÃ¨re,44.86058,-0.6777,4,RUE DE LA MORANDIERE,0,,2,2,1,1, -1, -1,1,, -1,2,0,1,50
202300052439,15,7,2023,09:31,1,033,33200,2,3,2,3,Rue de la MorandiÃ¨re,44.86058,-0.6777,4,RUE DES SATELLITES,0,,2,2,0,1, -1, -1,1,, -1,2,0,1,50
202300052452,14,7,2023,01:45,5,033,33032,2,1,1,6,Quai Francais,44.89356196,-0.52999914,4,QUAI FRANCAIS,0,,1,2,2,1, -1, -1,1,, -1,1,0,1,30
202300052479,3,1,2023,10:30,1,033,33009,2,3,1,6,REGUE BLANQUE (RUE DE LA) 01 ET +,44.65061,-1.15366,4,LIBERATION (AVE),0,,2,2,0,1, -1, -1,1,, -1,1,0,1,50
202300052479,3,1,2023,10:30,1,033,33009,2,3,1,6,REGUE BLANQUE (RUE DE LA) 01 ET +,44.65061,-1.15366,4,REGUE BLANQUE (RUE DE LA) 01 ET +,0,,2,2,0,1, -1, -1,2,, -1,1,5,1,50
202300052521,1,12,2023,01:30,5,033,33063,2,1,2,6,Cours Saint Louis,44.86327,-0.56658,4,CRS SAINT LOUIS,0,,1,2,3,1, -1, -1,1,, -1,2,0,3,50
202300052529,30,11,2023,08:00,1,033,33529,2,2,2,6,Place du General de Gaulle,44.53814,-1.15228,3,DE GAULLE (PL. DU GENERAL),0,,2,2,0,1,11,763,1,, -1,2,5,1,50
202300052529,30,11,2023,08:00,1,033,33529,2,2,2,6,Place du General de Gaulle,44.53814,-1.15228,3,VERDUN (AVE DE),0,,2,2,0,1, -1, -1,1,, -1,2,0,1,50
202300052770,14,2,2023,12:00,1,033,33529,2,1,1,3,LABARTHE (RUE MICHEL),44.62269,-1.13925,4,LABARTHE (RUE MICHEL),0,,2,2,0,1, -1, -1,1,, -1,1,9,1,50
202300052832,25,9,2023,18:03,1,033,33318,1,1,1,2,ROCADE A 630,44.80604397,-0.6656009,1,ROCADE A 630,0,,3,6,0,1,20,450,1,,14,1,3,1,90
202300052972,9,5,2023,09:02,1,033,33281,1,1,2,2,ROCADE A 630,44.84876,-0.66871,1,ROCADE A 630,0,,3,3,0,1,15,239,1,,14,2,0,1,90
202300052989,2,1,2023,17:20,2,033,33063,2,2,1,3,Boulevard Pierre 1er,44.85922,-0.58941,4,PIERRE 1ER (BD ),0,,1,3,0,1, -1, -1,1,, -1,1,5,1,50
202300052989,2,1,2023,17:20,2,033,33063,2,2,1,3,Boulevard Pierre 1er,44.85922,-0.58941,4,RUE MANDRON,0,,1,2,0,1, -1, -1,1,, -1,1,5,1,30
202300052991,8,5,2023,09:48,1,033,33192,1,1,1,4,ROCADE A 630,44.7901795,-0.6098941,1,ROCADE A 630,0,,3,6,0,1,26,250,1,,14,1,0,1,90
202300052996,1,1,2023,18:40,5,033,33063,2,5,1,3,AllÃ©e Serr,44.84122376,-0.56191742,4,ALL SERR,0,,1,2,3,1, -1, -1,1,, -1,1,5,1,30
202300052996,1,1,2023,18:40,5,033,33063,2,5,1,3,AllÃ©e Serr,44.84122376,-0.56191742,4,QUAI DES QUEYRIES,0,,2,5,1,2, -1, -1,1,, -1,1,5,1,30
202300053093,12,2,2023,20:30,5,033,33199,2,2,1,3,Cours de Verdun,44.636483,-1.079192,3,650,-1,D,2,2,0,1,11,100,1,, -1,1,0,1,30
202300053093,12,2,2023,20:30,5,033,33199,2,2,1,3,Cours de Verdun,44.636483,-1.079192,3,,-1,,1,1,2,1, -1, -1,1,, -1,1,0,1,30
202300053251,2,12,2023,00:05,3,033,33199,2,3,2,3,131 route des lacs,44.623197,-1.107999,3,652,-1,,2,2,0,1,1,760,1,,"5,5",2,0,1,50
202300053251,2,12,2023,00:05,3,033,33199,2,3,2,3,131 route des lacs,44.623197,-1.107999,3,,-1,,2,2,-1,1, -1, -1,1,, -1,2,0,1,50
202300053375,30,3,2023,06:47,2,033,33487,1,1,1,2,AUTOROUTE A 10,44.95352152,-0.45754194,1,AUTOROUTE A 10,0,,3,6,0,1,534,99,1,, -1,1,2,1,110
202300053382,28,3,2023,08:50,1,033,33063,1,1,1,2,ROCADE A 630,44.88034315,-0.5399394,1,ROCADE A 630,0,,3,6,0,2,3,229,1,,14,1,2,1,70
202300053462,2,1,2023,17:25,1,033,33550,1,1,1,5,ROCADE A 630,44.78138,-0.58176,1,ROCADE A 630,0,,3,6,0,1,29,200,1,, -1,1,0,1,90
202300053478,30,11,2023,11:10,1,033,33318,1,1,3,2,AUTOROUTE A 63,44.78592,-0.62758,1,AUTOROUTE A 63,0,,1,4,0,2,0,479,2,,14,2,3,1,70
202300053484,2,1,2023,16:25,1,033,33487,1,1,1,4,AUTOROUTE A 10,44.94053,-0.466693,1,AUTOROUTE A 10,0,,3,6,0,1,535,799,1,, -1,2,0,1,110
202300053505,15,7,2023,11:10,1,033,33013,1,1,1,2,ROUTE NATIONALE 230,44.86511,-0.5037,2,ROUTE NATIONALE 230,0,,3,6,0,2,42,0,1,, -1,1,0,1,90
202300053524,11,6,2023,17:15,1,033,33439,1,1,1,6,Lieu Dit le Page,45.114776,-0.414074,3,135,-1,,2,2,0,1,37,650,1,,"4,5",1,0,3,80
202300053624,23,8,2023,21:20,5,033,33249,1,1,1,6,ROUTE NATIONALE 230,44.88361963,-0.51281556,2,ROUTE NATIONALE 230,0,,1,2,0,2,44,200,3,, -1,1,3,1,70
202300053631,21,8,2023,02:58,5,033,33550,1,1,1,6,ROCADE A 630,44.77898,-0.5523,1,ROCADE A 630,0,,3,8,0,1,32,0,1,,14,1,0,1,90
202300053781,15,7,2023,00:30,5,033,33063,2,5,1,1,Rue Camille Godard,44.8550791,-0.57377145,4,RUE CAMILLE GODARD,0,,2,2,0,1, -1, -1,1,, -1,1,5,1,30
202300053781,15,7,2023,00:30,5,033,33063,2,5,1,1,Rue Camille Godard,44.8550791,-0.57377145,4,RUE DU JARDIN PUBLIC,0,,1,1,0,1, -1, -1,1,, -1,1,5,1,30
202300053790,14,7,2023,20:10,1,033,33119,2,2,1,3,Avenue Hubert Dubedout,44.84708,-0.51023,4,AVE GEORGES CLEMENCEAU,0,,3,2,0,1, -1, -1,1,, -1,1,5,1,50
202300053790,14,7,2023,20:10,1,033,33119,2,2,1,3,Avenue Hubert Dubedout,44.84708,-0.51023,4,AVE H. DUBEDOUT,0,,2,2,0,1, -1, -1,1,, -1,1,5,1,50
202300053808,13,2,2023,08:45,1,033,33281,2,6,1,6,Avenue de la Grange Noire,44.858,-0.67718,4,AVE DE LA GRANGE NOIRE,0,,2,2,0,1, -1, -1,1,, -1,1,0,1,50
202300053808,13,2,2023,08:45,1,033,33281,2,6,1,6,Avenue de la Grange Noire,44.858,-0.67718,4,RUE DE LA MORANDIERE,0,,2,4,1,1, -1, -1,1,, -1,1,0,1,50
202300053889,28,3,2023,15:20,1,033,33063,1,3,1,2,Avenue de Labarde,44.90679,-0.55573,4,AVE DE LABARDE,0,,2,2,0,1, -1, -1,1,, -1,1,0,1,80
202300053889,28,3,2023,15:20,1,033,33063,1,3,1,2,Avenue de Labarde,44.90679,-0.55573,4,AVE DU GOLF,0,,2,2,0,1, -1, -1,1,, -1,1,0,1,80
202300053900,27,3,2023,21:00,5,033,33063,2,3,1,3,Quai de la Souys,44.83076,-0.54467,4,QUAI DE LA SOUYS,0,,3,4,1,1, -1, -1,1,, -1,1,5,1,50
202300053900,27,3,2023,21:00,5,033,33063,2,3,1,3,Quai de la Souys,44.83076,-0.54467,4,RUE GIACOMO MATTEOTI,0,,2,2,0,1, -1, -1,1,, -1,1,5,1,50
202300053961,8,5,2023,03:10,3,033,33554,1,1,1,6,Avenue des Tabernottes,44.876531,-0.468131,3,115,0,D,2,2,0,2,49,250,1,,6,1,0,1,70
202300053982,8,5,2023,03:55,5,033,33063,1,1,1,2,ROCADE A 630,44.88077648,-0.54187194,1,ROCADE A 630,0,,3,6,0,2,3,410,1,, -1,1,0,1,70
202300054055,30,11,2023,07:45,2,033,33249,2,2,2,6,Rue Fingues,44.87287,-0.52493,4,RUE CONDORCET,0,,2,2,0,1, -1, -1,1,, -1,2,5,1,30
202300054055,30,11,2023,07:45,2,033,33249,2,2,2,6,Rue Fingues,44.87287,-0.52493,4,RUE FINGUES,0,,2,2,0,1, -1, -1,1,, -1,2,5,1,30
202300054060,27,10,2023,09:00,2,033,33063,2,2,2,3,Rue des Vignes,44.83199,-0.56573,4,RUE DES VIGNES,0,,1,1,0,2, -1, -1,1,, -1,2,0,1,30
202300054060,27,10,2023,09:00,2,033,33063,2,2,2,3,Rue des Vignes,44.83199,-0.56573,4,RUE TRAVERSANNE,0,,1,1,0,1, -1, -1,1,, -1,2,0,1,30
202300054070,30,11,2023,08:00,3,033,33192,2,6,3,3,Route de LÃ©ognan,44.76786,-0.61169,4,RTE DE LEOGNAN,0,,2,2,0,1, -1, -1,1,, -1,2,0,1,50
202300054070,30,11,2023,08:00,3,033,33192,2,6,3,3,Route de LÃ©ognan,44.76786,-0.61169,4,RUE DE POUMEY,0,,2,2,0,1, -1, -1,1,, -1,2,0,1,50
202300054202,10,6,2023,23:10,5,033,33063,2,1,1,4,Place Gambetta,44.8408,-0.58091,4,GAMBETTA (PCE ),0,,2,2,2,1, -1, -1,1,, -1,1,0,1,50
202300054206,1,1,2023,16:45,1,033,33214,1,1,1,1,D6e1,45.043448,-1.173949,3,6E1,0,D,2,2,0,1,4,500,2,, -1,1,0,1,80
202300054215,10,6,2023,22:50,5,033,33529,1,1,1,2,CAZAUX (BD DE) DU 02 ET +,44.55701,-1.15314,3,CAZAUX (BD DE) DU 02 ET +,0,,3,2,0,1,46,0,1,, -1,1,0,1,80
202300054275,1,1,2023,19:22,3,033,33143,1,1,1,4,AUTOROUTE A 10,44.96679,-0.438417,1,AUTOROUTE A 10,0,,3,6,0,1,532,0,1,, -1,1,0,1,130
202300054285,1,1,2023,07:15,3,033,33167,1,1,1,2,ROUTE NATIONALE 230,44.835226,-0.500053,2,ROUTE NATIONALE 230,0,,3,6,0,2,38,619,3,, -1,1,0,1,90
202300054413,26,9,2023,14:42,1,033,33233,1,1,1,2,route nationale 10,45.13274,-0.371261,2,10,-1,R,3,4,0,1,4,600,1,,7,1,0,1,110
202300054502,23,8,2023,00:30,3,033,33063,2,1,1,6,Boulevard des FrÃ¨res Moga,44.82959,-0.5529,4,BD DES FRERES MOGA,0,,1,1,0,1, -1, -1,1,, -1,1,0,1,30
202300054508,22,8,2023,20:35,1,033,33063,2,2,1,7,Boulevard Alfred Daney,44.87033671,-0.56592536,4,DANEY (BD ALFRED),0,,1,2,0,1, -1, -1,3,, -1,1,5,1,50
202300054508,22,8,2023,20:35,1,033,33063,2,2,1,7,Boulevard Alfred Daney,44.87033671,-0.56592536,4,,-1,,2,2,-1,1, -1, -1,3,, -1,1,5,1,-1
202300054516,23,8,2023,08:05,1,033,33529,2,1,7,2,CUREPIPE (BD DE) DU 02 ET +,44.6377,-1.1428,3,CUREPIPE (BD DE) DU 02 ET +,0,,2,2,0,1,16,355,1,, -1,1,0,1,50
202300054523,21,8,2023,22:15,3,033,33529,1,1,1,3,BISCAROSSE (AVE DE) JUSQU'A DUNE,44.4816,-1.2361,3,BISCAROSSE (AVE DE) JUSQU'A DUNE,0,,2,2,0,1,23,350,1,,"5,5",1,0,1,80
202300054531,26,9,2023,08:03,1,033,33013,1,1,1,3,ROUTE NATIONALE 230,44.85268075,-0.50489634,2,ROUTE NATIONALE 230,0,,3,6,0,1,40,578,1,,14,1,0,1,90
202300054543,26,9,2023,07:45,2,033,33487,1,1,1,2,AUTOROUTE A 10,44.94922,-0.4639,1,AUTOROUTE A 10,0,,3,6,0,1,534,790,1,, -1,1,0,1,130
202300054578,29,3,2023,07:48,2,033,33003,1,1,1,2,AUTOROUTE A 10,44.934607,-0.467145,1,AUTOROUTE A 10,0,,3,7,0,2,536,690,1,, -1,1,3,1,90
202300054615,7,5,2023,15:15,1,033,33063,2,1,1,6,Rue Albert Thomas,44.82858081,-0.59754118,4,RUE ALBERT THOMAS,0,,1,1,0,1, -1, -1,1,, -1,1,0,1,30
202300054786,26,10,2023,11:50,1,033,33439,1,1,3,1,D135e5,45.130026,-0.383921,3,135E5,-1,,-1,2,0,1,2,100,1,,4,2,0,1,80
202300054798,27,10,2023,19:00,5,033,33162,1,1,3,3,ROCADE A 630,44.87723,-0.63176,1,ROCADE A 630,0,,3,6,0,1,10,988,1,,10,2,0,1,90
202300054800,27,10,2023,06:40,5,033,33039,1,1,2,6,ROCADE A 631,44.8011492,-0.53434432,1,ROCADE A 631,0,,1,2,0,1,0,279,3,,10,2,3,1,50